1700013H16Rik,4930570D08Rik,4930579C12Rik,Adap1,Adsl,Anp32e,Asb13,Caln1,Ccnyl1,Chga,Cpne4,Cyp2d10,Dnajb1,En1,Eno1,F830016B08Rik,Fam83d,Gas8,Gcfc2,Gm10230,Gm10642,Gm11832,Gm12907,Gm13944,Gm15922,Gm16564,Gm17508,Gm26542,Gm26877,Gm28154,Gnaq,Gng2,Hacl1,Hcar1,Iah1,Inppl1,Ins1,Irs4,Kirrel3os,Klk8,Krt87,Lilra6,Lmtk2,Lonrf3,Marcks,Mdh2,Mob3b,Myh6,Nat8f1,Neurog2,Noto,Olfr1006,Olfr1290,Olfr612,Olig2,Pdzd2,Podn,Ppia,Ppp1r13l,Ppp1r14a,Prss44,Ptprc,Rbp3,Rcor1,Rpl22l1,Sox17,Sssca1,Tbx19,Tceal5,Tead1,Tgtp2,Tnc,Top3b,Zbtb17
0,0,0,0,0,0,0,0,0,0.38789,0,0,0,0,0,0,0,0.09926,0,0,0,0,0,0,0,0,0,0,0,0,0,0,0,0,0,0,0.38789,0,0.09926,0,0,0,0.09926,0,0.47863,0.19756,0,0,0.09926,0,0,0,0,0,0,0,0,1.0115,0,0,0,0.19756,0,0,0.19756,0,0,0.09926,0,0.29402,0.09926,0,0,0
0,0,0,0,0,0.6721,0,0,0,0.239,0,0,0.239,0,0.12035,0,0,0,0.12035,0,0,0,0,0,0,0,0,0,0,0,0,0,0,0,0,0.35446,0,0,0,0,0,0,0,0,0.57157,0.35446,0,0,0,0.12035,0,0,0,0,0,0,0,1.9316,0,0.12035,0,0.12035,0,0.12035,0,0,0,0,0,0,0,0,0,0
0,0,0,0.12125,0,0,0,0,0,0,0,0,0,0,0.12125,0,0,0,0,0,0,0,0,0,0,0,0,0,0,0,0.12125,0,0,0.12125,0.12125,0,0,0,0,0,0,0,0,0,0.12125,0,0,0,0,0,0,0,0,0,0,0,0,0.67651,0,0,0,0.12125,0,0,0.24077,0,0.24077,0,0,0.57546,0,0,0,0
0,0,0,0.13531,0,0.51924,0,0,0,0.13531,0,0,0.26822,0,0.13531,0,0.13531,0.26822,0,0,0,0,0,0,0,0,0,0,0,0.13531,0.26822,0,0,0,0.13531,0,0,0,0,0,0,0,0,0,0.84561,0.26822,0.13531,0,0,0,0,0,0,0,0,0,0,1.0297,0,0,0,0.13531,0.13531,0.13531,0,0,0,0,0,0,0,0,0,0
0,0,0,0,0,0.66037,0,0.14141,0,0.54079,0,0,0,0,0,0,0,0.14141,0.14141,0,0,0,0,0,0,0,0,0,0,0,0,0,0,0,0,0.41375,0.14141,0.14141,0,0,0,0,0,0,0.28009,0,0.14141,0,0,0,0,0,0,0,0,0,0,1.5583,0,0,0,0,0,0.14141,0.14141,0,0.14141,0,0,0,0,0,0,0.14141
0,0,0,0.12289,0,0.12289,0,0,0,0.58249,0,0,0,0,0.24397,0,0,0,0.12289,0,0,0,0,0,0,0,0,0,0,0,0,0,0,0,0,0,4.1716,0,0,0,0,0,0,0,0.24397,0.24397,0.12289,0,0,0,0,0,0,0,0,0,0,0.47476,0,0,0.12289,0,0,0,0.78065,0,0,0,0,0.12289,0,0,0,0
0,0,0,0,0,0.50647,0,0,0,0.82712,0.13172,0,0,0,0,0,0,0,0,0,0,0,0,0,0,0,0,0,0,0,0,0,0,0,0,0.13172,3.8169,0,0,0,0,0,0,0,0,0.13172,0.13172,0,0,0,0,0,0,0,0,0,0,0.72688,0,0,0,0,0,0.3866,0,0.13172,0,0,0,0,0,0,0.13172,0
0,0,0,0,0,0.13296,0,0,0,1.2491,0,0,0.13296,0,0.13296,0,0,0,0,0,0,0,0,0,0,0,0,0,0,0,0.13296,0.13296,0,0,0,0,0.26364,0,0,0,0,0,0,0,0,0,0,0,0,0,0,0,0,0,0,0.13296,0,0.83353,0,0,0,0,0,0,0,0,0.26364,0,0,0,0,0,0,0
0,0,0,0,0,0,0,0,0,1.1099,0,0,0,0,0,0,0,0,0,0,0,0,0,0,0,0,0,0,0,0,0,0,0,0,0,0,0.13482,0,0,0,0,0,0.13482,0,0.26726,0.3953,0.13482,0,0,0,0,0,0,0,0,0,0,1.0268,0.13482,0,0,0,0,0.3953,0.3953,0,0.13482,0,0,0.13482,0,0,0,0
0,0,0,0,0,0,0.13489,0,0,0.84347,0,0,0.13489,0,0.2674,0,0,0.13489,0,0,0,0,0,0,0,0,0,0,0,0,0.13489,0,0.13489,0,0.13489,0,3.4125,0,0,0,0,0,0,0,0.13489,0.2674,0,0,0,0,0,0,0,0,0,0,0,0.63331,0,0,0,0.13489,0,0.13489,0,0,0,0,0,0.13489,0,0,0,0
0,0,0,0.13353,0,0,0,0,0,0.83645,0,0,0,0,0,0,0,0,0,0,0,0,0,0,0,0,0,0,0,0.13353,0,0.13353,0.13353,0,0,0,4.1963,0,0,0,0,0,0,0,0,0,0,0,0,0,0,0,0,0,0,0,0.13353,1.6135,0,0,0,0.26474,0,0,0,0,0,0.13353,0,0,0,0,0,0
0,0.1564,0,0,0,0,0,0,0.1564,0.1564,0,0,0,0,0,0,0,0,0,0,0,0,0,0,0,0,0,0,0,0,0,0,0,0,0,0.1564,0.1564,0,0,0.30912,0,0,0.1564,0,0.45522,0,0,0,0,0,0,0,0,0,0,0,0.1564,0.1564,0,0,0,0,0,0,0.1564,0,0,0,0,0,0,0,0.1564,0
0,0,0,0,0.39093,0,0,0,0,0.13326,0,0,0,0,0.26422,0.13326,0,0.39093,0,0,0.13326,0,0,0,0,0,0,0,0,0,0,0,0,0,0.13326,0,0,0.26422,0,0,0,0,0,0,0.51196,0.26422,0,0,0,0,0,0,0,0,0,0.13326,0,1.0178,0,0,0,0,0,0.39093,0.26422,0,0.13326,0,0,0.13326,0,0,0,0
0,0,0,0,0.15112,0.15112,0.29893,0.29893,0,0.29893,0.15112,0,0,0,0,0,0,0,0.15112,0,0,0,0,0,0,0,0,0,0,0,0,0.15112,0,0,0,0.15112,0.15112,0,0,0,0,0,0,0,0.15112,0.29893,0,0,0.15112,0,0,0,0,0,0,0,0,1.1176,0,0,0,0.15112,0,0.15112,0.29893,0,0.29893,0,0,0,0,0,0,0
0,0,0,0,0,0,0,0,0,0.76748,0.14038,0,0.27809,0,0.14038,0,0,0,0,0,0,0,0,0,0,0,0,0,0,0,0.14038,0,0,0,0.14038,0,0,0.87138,0,0,0,0,0,0,0.96823,0.27809,0,0,0,0,0,0,0,0,0,0,0,1.5516,0,0,0,0.14038,0,0,0.14038,0,0,0.14038,0,0.65612,0,0.14038,0,0
0,0,0,0,0.14329,0,0,0,0,1.0748,0,0,0,0,0,0,0,0.14329,0.14329,0,0,0,0,0,0,0,0,0,0,0,0,0,0,0,0,0,3.9359,0,0.14329,0,0,0,0.28374,0,0.14329,0.14329,0,0.14329,0,0,0,0,0,0,0,0,0,0.78088,0,0,0,0,0,0.54738,0.54738,0,0,0,0,0,0,0,0,0
0,0,0,0,0.14709,0.14709,0,0,0,0,0,0,0,0,0.14709,0,0,0,0,0,0,0,0,0,0,0,0,0,0,0,0,0.14709,0,0,0,0,0,0,0,0,0,0,0,0,0.68361,0,0,0,0,0,0,0,0,0,0,0,0,1.4731,0,0,0,0,0,0,0.56066,0,0,0,0,0.14709,0,0,0,0
0,0,0,0,0,0,0.16759,0,0,0.88862,0,0,0,0,0,0,0,0,0,0,0,0,0,0,0,0,0,0,0,0.16759,0.16759,0,0,0,0,0.76505,0,0,0,0,0,0,0,0,0.4858,0.3307,0,0,0,0.16759,0,0,0,0,0,0,0,0.63083,0,0.16759,0,0,0.16759,0,0.16759,0,0,0,0,0,0,0,0.16759,0
0,0,0,0,0.17537,0,0,0.17537,0,1.494,0,0,0,0,0,0,0,0,0,0,0,0,0,0,0,0,0,0.17537,0.17537,0,0,0,0,0,0,0.17537,0,0,0,0,0,0,0.17537,0,0.65683,0,0,0,0,0,0,0,0,0,0,0,0.17537,1.6352,0,0,0,0,0,0,0,0,0,0,0,0,0,0,0,0
0,0,0,0,0,0,0.16656,0,0,0,0,0,0,0,0,0,0.16656,0,0,0,0,0,0,0,0,0,0,0,0,0,0.16656,0,0,0,0.32872,0,0,0,0,0,0,0,0,0,0.62737,0,0,0,0,0,0,0,0,0,0,0,0,0,0,0,0,0.16656,0,0,0.32872,0,0,0,0,0.16656,0,0,0,0
0,0,0,0,0.15248,0,0,0.15248,0,0,0,0,0.15248,0,0.15248,0,0,0,0,0,0,0,0,0,0,0,0,0,0,0,0.15248,0,0,0,0,0,1.9287,0,0,0,0,0,0,0,0.30155,0.57932,0,0,0,0,0,0,0,0,0,0,0,1.5687,0,0,0,0.15248,0.15248,0,0.15248,0,0,0,0,0,0,0,0,0
0,0,0,0,0,0,0,0,0,0,0,0,0,0,0.36072,0,0.18327,0,0,0,0,0,0,0,0,0,0,0,0,0,0.18327,0,0,0,0,0,0,0,0,0,0,0,0,0,0.95423,0,0,0,0,0,0,0,0,0,0,0,0,1.4558,0,0,0,0,0,0,0,0,0,0,0,0,0,0,0,0.18327
0,0,0,0,0,0,0,0,0,0.84197,0,0,0,0,0,0,0,0,0,0,0,0,0,0,0,0,0,0,0,0.15686,0,0.15686,0,0,0,0,4.3823,0,0.45649,0.15686,0,0,0,0,0.31002,0.31002,0.15686,0,0,0,0,0,0,0,0,0,0,1.1481,0,0,0,0,0,0.31002,0.15686,0,0,0.15686,0,0,0,0,0,0
0,0,0,0,0,0,0,0,0,1.8751,0,0,0,0,0,0.31327,0,0,0,0,0,0,0,0,0,0,0,0,0,0,0.60016,0.15855,0,0,0,0,0,0,0,0,0,0,0,0,0.84938,0.15855,0,0,0,0,0,0,0,0,0,0,0,1.0623,0,0,0,0,0,0,0.15855,0,0.15855,0,0,0,0,0,0.15855,0.15855
0,0,0,0,0,0,0,0,0,0.6181,0,0.16382,0.6181,0,0,0,0,0,0,0,0,0,0,0,0,0,0,0,0,0,0,0,0.16382,0.32344,0,0,0,0,0,0,0,0,0.16382,0,0.75035,0,0.47554,0,0,0,0,0,0,0,0,0,0,1.4322,0,0,0,0.16382,0,0.47554,0.16382,0,0.32344,0,0,0,0,0,0,0
0,0,0,0,0,0,0,0,0,0.16615,0.16615,0,0,0,0,0,0,0,0,0,0,0.16615,0,0,0,0,0,0,0,0,0,0,0,0,0,0,1.8713,0,0,0,0,0,0.32793,0,0.75945,0.16615,0,0,0,0,0,0,0,0,0,0,0,0.48188,0,0,0,0,0,0,0.48188,0,0,0.16615,0,0.16615,0,0,0,0
0,0,0,0,0,0,0,0,0,0,0.16569,0,0,0,0,0,0,0,0,0,0,0,0,0,0,0,0,0,0,0,0,0,0,0,0,0,0,0,0,0,0,0,0.32703,0,1.7062,0.32703,0,0,0,0,0,0,0,0,0,0,0.32703,1.1937,0,0,0.16569,0,0,0.16569,0.62441,0,0,0,0,0.75763,0,0,0.16569,0
0,0,0,0,0,0.75414,0,0,0,0,0,0,0.16479,0,0,0,0,0,0,0,0,0,0,0,0,0,0,0,0,0.3253,0.87657,0,0,0,0,0,0,0,0.16479,0,0,0,0,0,0.62138,0.16479,0,0,0,0,0,0,0,0,0,0,0,0.98929,0,0,0,0,0.16479,0.16479,0,0,0.16479,0,0,0.16479,0,0,0,0
0,0,0,0,0,0,0,0,0,0.16618,0,0,0,0,0,0,0,0,0,0,0,0,0,0,0,0,0,0,0.16618,0,0,0,0,0,0,0,0,0,0,0,0,0,0,0,0.62607,0.16618,0,0,0,0,0,0,0,0,0,0.16618,0.16618,0.88255,0,0,0,0.16618,0,0.16618,0,0,0,0,0,0.16618,0,0,0,0
0,0,0,0,0,0,0,0,0,0.17359,0.3422,0,0.17359,0,0,0,0,0,0,0,0,0,0,0,0,0,0,0.17359,0,0,0,0,0,0,0,0,0.65089,0,0,0,0,0,0,0,0.50202,0,0,0,0,0,0,0,0,0,0,0,0,0.17359,0,0,0,0,0,0,0.50202,0,0.17359,0,0,0,0,0,0,0
0,0,0,0,0,0,0,0,0.16482,0,0,0,0,0,0.32536,0,0.16482,0,0,0,0,0,0,0,0,0,0,0,0,0.16482,0.47825,0,0,0,0,0,0,0,0,0,0,0,0,0,0.32536,0.16482,0,0,0,0,0,0,0,0,0,0,0,1.4377,0,0,0,0.32536,0,0,0.16482,0,0,0,0,0.87668,0,0,0,0
0,0,0,0,0,0,0.15528,0,0,0.71662,0,0,0.45216,0,0,0,0,0.15528,0,0,0,0,0,0,0,0,0,0,0,0,0,0,0,0,0,0,2.3983,0,0,0,0,0,0,0,0,0,0,0,0,0,0,0,0,0,0,0.15528,0,1.5225,0,0,0,0.30697,0,0,0.30697,0,0,0,0,0,0,0,0,0
0,0,0,0,0,0,0.17593,0,0,0,0,0,0,0,0,0,0,0,0,0,0.17593,0,0,0,0,0,0,0,0,0,0,0,0,0,0,0,0,0,0,0.17593,0,0,0,0,0.92386,0,0.17593,0,0,0,0,0,0,0,0,0,0,0.92386,0,0,0,0.17593,0,0,0,0,0,0,0,0.17593,0,0,0,0.17593
0,0,0,0,0,0,0,0,0,0.61361,0,0,0.1625,0.1625,0,0,0,0,0,0,0,0,0,0,0,0,0,0,0,0,0,0,0,0,0,0.61361,0,0,0,0.1625,0,0,0,0,0.47192,0.32089,0,0,0,0,0,0,0,0,0,0,0,1.4249,0,0,0,0,0,0.32089,0,0,0,0,0,0,0,0,0,0
0.1643,0,0,0,0,0.1643,0,0,0,0,0,0,0,0,0,0,0,0,0,0,0,0,0,0,0,0,0,0,0,0,0.1643,0,0,0,0.1643,0,4.0039,0,0,0,0,0,0.47685,0,0,0.32437,0,0,0,0,0.1643,0,0,0,0,0,0,0.61974,0,0,0,0,0,0,0.1643,0,0.1643,0,0,0.1643,0,0,0,0.1643
0,0,0,0,0,0,0,0.17386,0.17386,0.65179,0.17386,0,0,0,0,0,0,0,0,0,0,0,0,0,0,0.17386,0,0,0,0,0.34272,0.34272,0,0,0,0,2.7593,0,0,0,0,0,0,0,0.65179,0,0,0,0,0.17386,0,0,0,0,0,0,0,0.65179,0,0,0.17386,0,0,0,0,0,0,0,0,0,0,0,0,0
0,0,0,0,0,0,0,0.17976,0,0.35403,0,0,0,0,0,0.35403,0,0,0,0,0,0,0,0,0,0,0,0,0,0,0.35403,0,0,0,0,0,0,0,0,0.17976,0,0,0,0,0.35403,0,0,0,0,0,0,0,0,0,0,0.17976,0,0.81159,0,0,0,0,0,0.17976,0.17976,0,0,0,0,0.17976,0,0,0.35403,0
0,0,0,0,0,0,0,0,0,0.81612,0,0,0,0,0.29879,0.15105,0,0,0,0,0,0,0,0,0,0,0,0,0,0.15105,0.29879,0,0,0,0,0.15105,3.3407,0.29879,0,0,0,0,0,0,0.15105,0.29879,0,0,0,0,0,0,0,0,0,0,0,0.81612,0,0,0,0.29879,0,0.4405,0.15105,0,0,0,0,0,0,0,0,0
0,0,0,0,0,0,0,0,0.17504,2.3323,0,0,0,0,0,0,0,0,0,0,0,0,0,0,0,0,0,0,0,0.17504,0.34498,0,0,0,0,0,0,0.17504,0,0,0,0,0,0,0.65572,0,0,0,0,0,0,0,0,0,0,0,0,0.50594,0,0,0,0,0,0,0.50594,0,0,0,0,0,0,0,0,0
0,0,0,0,0,0,0,0,0,1.0352,0,0,0,0,0,0,0,0.50544,0,0,0,0,0,0,0,0,0,0,0,0,0,0,0,0,0,0,0,0,0,0,0,0,0,0,0,0.17485,0.17485,0,0,0,0,0,0,0,0,0,0,0.79298,0,0,0,0,0,0.34463,0.17485,0,0.17485,0,0,0,0,0,0,0
0,0,0,0,0,0,0.18584,0,0.18584,0.18584,0,0,0,0,0.18584,0.18584,0,0,0,0,0,0,0,0,0,0,0,0,0,0,0,0,0,0,0,0.18584,0.69128,0.18584,0,0,0,0,0,0.18584,0.18584,0,0,0,0,0,0,0,0,0,0,0,0.18584,0.53488,0,0,0,0.18584,0,0,0,0,0,0,0,0,0,0.18584,0,0.18584
0,0,0,0,0,0.66133,0,0,0,0.34822,0,0,0,0,0,0.17673,0,0,0,0,0,0,0,0,0,0,0,0,0,0.17673,0,0.17673,0,0,0,0,0,0,0,0,0,0,0.34822,0,0.51049,0.34822,0.17673,0,0,0,0,0,0,0,0,0,0,0.51049,0.17673,0,0,0.17673,0,0.51049,0,0,0,0,0,0.17673,0,0,0,0
0,0,0,0,0,0.18181,0,0,0,0.67809,0.18181,0,0,0,0,0,0,0,0,0,0,0,0,0,0,0,0,0,0,0,0.35794,0,0,0,0,0.35794,0.18181,0,0,0,0,0,0,0,0.52412,0,0,0.18181,0,0,0,0,0,0,0,0,0,0.94825,0,0,0,0,0,0.18181,0,0,0,0,0,0,0,0,0,0
0,0,0,0,0,0.18224,0,0.18224,0,1.0679,0,0,0,0,0,0.18224,0,0,0,0,0,0,0,0,0,0,0,0,0,0,0,0,0,0,0,0,0,0,0,0,0,0,0,0,1.3661,0,0,0,0,0,0.18224,0,0,0,0,0,0,0.95001,0,0,0,0.18224,0,0,0,0,0.18224,0,0,0,0,0.18224,0,0
0,0,0,0,0,0,0,0,0,0,0,0,0,0,0.19598,0,0,0,0,0,0,0,0,0,0,0.19598,0,0,0,0,0.72402,0,0,0,0,0,0,0,0,0,0,0,0,0,0.87158,0,0,0,0,0,0,0,0,0,0.19598,0.19598,0,0.19598,0,0,0.19598,0.19598,0,0,0,0,0,0,0,0,0,0,0,0
0,0,0,0,0,0,0,0,0,0,0,0,0.17957,0,0,0,0,0,0,0,0,0,0,0,0,0,0,0,0,0,0,0,0,0,0,0,0,0,0,0,0,0,0,0.17957,0.51812,0,0,0.17957,0,0,0,0,0,0,0,0,0,0.17957,0,0.17957,0,0,0,0.51812,0,0,0,0,0,0.35366,0,0.17957,0,0
0,0,0,0,0,0.16926,0,0.16926,0.3339,0.3339,0,0,0,0.16926,0,0.16926,0,0,0,0,0,0,0,0,0,0,0,0,0,0,0.16926,0,0,0,0,0,0,0,0,0,0,0,0.49032,0,0.49032,0.3339,0,0,0,0,0,0,0,0,0,0.16926,0,1.5342,0.16926,0,0,0,0,0.16926,0.16926,0,0,0,0,0.16926,0,0.16926,0,0
0,0,0,0,0,0.75662,0,0.40435,0,0,0,0,0,0,0,0,0,0,0,0,0,0,0,0,0.20626,0,0,0.20626,0,0,0,0,0,0,0,0,0,0,0,0,0,0,0,0,0.40435,0,0,0,0,0,0,0,0,0,0,0,0,1.0453,0,0,0,0.40435,0,0.20626,0,0,0,0,0,0,0,0,0,0
0,0,0,0,0,0,0,0.18814,0,0,0,0,0.69874,0,0,0,0,0,0,0,0,0,0,0,0,0,0,0,0,0.18814,0,0,0,0,0,0,0,0,0,0,0,0,0,0,0.69874,0.18814,0,0,0,0,0,0,0,0,0,0,0,1.2025,0,0,0,0,0.18814,0.18814,0,0,0,0,0,0,0,0,0,0
0,0,0,0.16465,0,0,0,0,0,1.5089,0,0,0,0,0,0,0,0.32504,0,0,0,0,0,0,0,0,0,0,0,0,0,0,0,0,0,0,4.4923,0,0.32504,0,0,0,0,0,0.62092,0.47781,0,0,0,0,0,0,0,0,0,0,0,1.3598,0,0,0,0.16465,0,0,0.47781,0,0,0.16465,0,0,0,0,0,0
0,0,0,0.19424,0,0,0,0,0,0.3816,0,0.19424,0,0,0.19424,0,0,0,0,0,0,0,0,0,0,0,0,0,0,0,0,0,0,0,0,0,0,0,0,0,0,0,0,0,0,0,0.19424,0,0,0,0,0,0,0,0,0.19424,0,2.1651,0,0,0,0,0,0,0,0,0,0,0,0,0,0,0,0
0,0,0,0.2111,0,0,0,0,0,0,0,0,0,0,0.2111,0,0,0,0.41347,0,0,0,0,0,0,0,0,0,0,0.2111,0,0,0,0,0,0.92549,0.2111,0,0,0,0,0,0,0,1.0638,0,0,0,0,0,0.2111,0,0,0,0.2111,0,0,0.60116,0,0.2111,0,0.2111,0,0.60116,0,0,0,0.2111,0,0,0,0,0,0.2111
0,0,0,0,0,0,0,0,0,0.52615,0,0,0,0,0,0,0,0,0.18257,0,0,0,0,0,0,0,0,0,0,0,0.18257,0,0,0,0.18257,0,4.2132,0,0,0,0,0,0,0,0,0.18257,0,0,0,0,0,0,0,0,0.18257,0,0,0.95137,0,0,0,0,0,0,0,0,0,0,0,0,0,0,0,0
0,0,0,0,0,0,0.17353,0.17353,0,0.17353,0,0,0.17353,0,0.50186,0,0,0,0,0,0,0,0,0,0,0,0,0,0,0,0.17353,0,0,0,0,0,0.17353,0,0,0,0,0,0,0,1.0292,0,0,0,0,0.17353,0,0,0,0,0,0,0,1.5571,0,0,0,0,0,0,0,0,0,0,0,0.17353,0,0,0,0
0,0,0,0,0.19952,0,0,0,0,1.3541,0,0,0,0,0,0,0,0,0,0,0.19952,0,0,0,0,0,0,0,0,0,0,0,0,0,0,0,2.8052,0,0,0,0,0,0,0,0,0,0,0,0,0,0.19952,0,0,0,0,0,0,1.6133,0,0,0,0,0.19952,0.19952,0,0,0,0.19952,0,0,0,0,0,0
0,0,0,0.18695,0,0.53782,0,0,0,0.69488,0,0,0,0,0,0,0,0,0.18695,0,0,0,0,0,0,0,0,0,0,0,0,0,0,0,0,0,0,0,0,0,0,0,0,0,0,0,0,0,0,0,0,0,0,0,0,0,0,1.2969,0,0,0,0,0,0.69488,0,0,0,0,0,0,0,0,0,0
0,0,0,0,0.2087,0,0,0,0,0.2087,0.2087,0,0,0,0,0,0,0,0.2087,0,0,0,0,0,0,0,0,0,0,0,0.59493,0,0,0,0,0.40894,0.40894,0,0,0,0,0,0,0.2087,0.40894,0.76426,0,0.2087,0,0.2087,0.2087,0,0,0,0,0.2087,0,1.1789,0,0,0,0,0.2087,0,0,0,0,0.2087,0,0.2087,0,0,0.2087,0
0,0,0,0,0.19795,0,0,0,0,0,0.19795,0,0,0,0.19795,0,0,0,0,0,0,0,0,0,0,0,0,0,0,0,0,0,0,0,0,0,0,0.38863,0,0,0,0.19795,0,0,1.3471,0,0,0,0,0,0,0,0,0,0,0,0,1.2458,0,0,0,0,0,0,0,0,0,0.19795,0,0,0,0,0,0
0,0,0,0,0,0,0,0,0,0,0,0,0.38753,0,0.56535,0,0,0,0,0,0,0,0,0,0,0,0,0,0,0,0.56535,0,0,0,0,0.72844,0,0,0,0,0,0,0,0,1.5235,0.38753,0,0,0,0,0,0,0,0,0,0,0,1.0108,0,0.38753,0,0,0,0,0.56535,0,0,0,0,0,0,0,0,0
0,0,0,0,0,0.19511,0,0,0,0.38325,0,0,0,0,0,0,0,0,0,0,0,0,0,0,0,0,0,0,0,0,0.19511,0,0,0,0,0,0.19511,0,0.19511,0,0,0,0,0,0.8684,0,0,0,0,0,0,0,0,0,0,0,0,0.55941,0,0,0,0,0,0,0,0.19511,0,0,0,0,0,0,0,0
0,0,0,0,0,0,0,0,0.17015,1.1191,0,0,0,0,0,0,0,0,0,0,0,0,0,0,0,0,0,0,0,0,0.49273,0,0,0,0.17015,0,4.5474,0,0,0,0,0,0,0,0.17015,0,0,0,0,0,0,0,0,0,0,0,0,1.1191,0,0,0,0,0,0,0,0,0,0,0,0,0,0,0,0
0,0,0,0,0,0,0,0,0,0.1897,0,0,0.37297,0.1897,0,0,0,0,0,0,0,0,0,0,0,0,0,0,0,0,0,0,0,0,0,0,0,0,0,0,0,0,0.1897,0,0.7038,0.84861,0,0,0,0,0,0,0,0,0,0.37297,0,0.7038,0,0,0,0,0,0,0.1897,0,0,0,0,0.37297,0,0,0,0
0,0,0,0,0,0,0,0,0,0.20216,0,0,0,0,0.3966,0,0,0,0,0,0,0,0,0,0,0,0,0,0,0,0.20216,0,0,0,0,0.20216,0,0,0,0,0,0,0,0,0.74369,0.20216,0.20216,0,0,0,0,0,0,0,0,0,0,0.89384,0,0,0.20216,0,0,0,0,0,0,0,0,0,0,0,0,0
0,0,0,0,0,0,0,0.20405,0,0,0,0,0,0,0,0,0,0,0,0,0,0,0,0,0,0,0,0,0,0,0.40017,0,0,0,0,0.20405,0.40017,0,0,0.20405,0,0,0,0,1.0368,0,0,0,0,0,0,0,0,0,0,0,0,0.20405,0,0.20405,0,0,0,0,0,0,0,0,0,0,0,0,0,0
0,0,0,0,0,0.71965,0,0,0,0.86662,0.19462,0,0,0,0.38231,0,0,0,0,0,0,0,0,0,0,0,0,0,0,0,0.38231,0,0,0,0,0,3.1421,0,0,0,0,0,0.19462,0,0,0,0,0,0,0,0,0,0,0,0,0,0,1.3321,0,0,0,0.19462,0,0,0.38231,0,0,0,0,0.19462,0,0,0,0
0,0,0,0,0,0.4091,0.20878,0,0,1.055,0,0,0,0,0,0,0,0,0,0,0,0,0,0,0,0,0,0,0,0,0.20878,0,0,0,0,0,3.6672,0,0,0,0,0,0,0,0.20878,0.20878,0,0,0,0,0,0,0,0,0,0,0,0.91734,0,0,0,0.20878,0,0,0,0,0,0,0,0.20878,0,0,0,0.20878
0,0,0,0,0,0,0,0,0,0,0.21411,0,0,0,0.21411,0,0,0,0,0,0,0,0,0,0,0,0,0,0,0.21411,0.41912,0.21411,0,0,0,0,0,0,0,0,0,0,0,0,0.60892,0.60892,0.21411,0,0.41912,0,0,0,0,0,0,0,0,0.21411,0,0,0,0,0.21411,0,0.21411,0,0,0,0,0,0,0,0.21411,0
0,0,0,0,0,0,0,0,0,0,0,0,0,0,0,0,0,0,0,0,0,0,0,0,0,0,0,0,0,0,0,0,0,0,0,0.21155,0,0,0,0,0,0,0,0,0.21155,0,0,0,0,0,0,0,0,0,0,0,0,1.1903,0,0.4143,0,0,0,0,0.21155,0,0,0,0,0,0,0,0,0
0,0,0,0,0,0,0,0,0,1.018,0.1992,0,0,0,0,0,0,0,0,0,0,0,0,0,0,0,0,0,0,0,1.1401,0,0,0,0,0,0,0,0,0.1992,0,0,0,0,1.018,0.391,0,0,0,0,0,0,0,0,0,0,0,0.391,0,0,0,0,0,0,0.391,0,0.1992,0,0,0,0,0,0,0
0,0,0,0,0,0,0.20339,0,0,0,0.20339,0,0,0,0.39892,0,0,0,0,0,0,0,0,0,0,0,0,0,0,0,0.20339,0,0,0,0,0,0,0,0,0,0,0,0.20339,0,0.58111,0.20339,0,0,0,0,0,0,0,0,0,0,0,0.58111,0,0,0,0,0,0.20339,0,0,0,0,0,0.20339,0,0.20339,0.20339,0
0,0,0,0,0,0.19161,0,0.19161,0.19161,0.55019,0,0,0,0.19161,0,0,0,0,0,0,0,0,0,0,0,0,0,0,0,0,0,0.19161,0,0,0,0.37661,3.6528,0,0,0,0,0,0,0,0.19161,0.37661,0,0,0,0,0,0,0,0,0,0.19161,0,2.195,0,0,0,0,0,0,0,0.19161,0,0,0,0.19161,0,0,0,0
0,0,0,0,0,0,0,0,0,0.40571,0,0,0,0,0.40571,0,0,0,0,0,0,0,0,0,0,0,0,0,0,0,0.40571,0,0,0,0,0,0,0,0,0,0,0,0,0.20698,0.40571,0,0,0,0,0,0.20698,0,0.20698,0,0,0,0,0.20698,0,0,0,0,0,0,0.20698,0,0,0,0,0,0,0,0,0
0,0,0,0,0.20944,0,0,0,0,0,0.20944,0,0,0,0.41033,0,0,0,0,0,0,0,0,0,0,0.20944,0,0,0,0,0,0,0,0.20944,0,0.20944,0,0,0,0,0,0,0,0,1.1818,0,0,0,0,0,0,0,0,0,0,0,0.41033,1.8692,0,0,0,0,0,0,0,0.20944,0.20944,0,0,0,0,0,0,0
0,0,0.20099,0,0,0.88965,0,0,0,1.025,0,0,0,0,0,0,0,0,0,0,0,0,0,0,0,0,0,0,0,0,0.39439,0,0,0,0,0,0.20099,0,0,0,0,0,0,0,0.39439,0,0,0,0,0,0,0,0,0,0,0,0,1.1475,0,0,0,0,0,0.20099,0.20099,0,0,0,0,0.20099,0,0,0,0
0,0,0,0,0,0,0,0,0,0.64771,0,0,0,0,0.22931,0,0,0,0,0,0,0,0,0,0,0,0,0,0,0,0.82754,0,0,0,0,0.64771,0.22931,0,0,0,0,0,0,0,0.82754,0.22931,0,0,0,0,0,0,0,0,0,0,0,1.6636,0,0,0,0,0,0.22931,0,0,0,0,0,0,0,0,0,0
0,0,0,0,0,0,0,0,0,0,0,0,0,0,0.20492,0,0,0,0,0,0,0,0,0,0,0,0,0,0,0,0,0,0,0,0,0.7524,0,0,0,0,0,0,0,0,1.6384,0,0,0,0,0,0,0,0,0,0,0,0,1.713,0,0.20492,0,0,0,0.20492,0,0,0.20492,0,0,0,0,0,0,0
0,0,0,0,0,0,0,0,0,0,0,0,0.1892,0,0.1892,0,0,0,0,0,0,0,0,0,0,0,0,0,0,0,0.1892,0,0,0,0,0.54379,0,0,0,0,0,0,0,0,0.54379,0,0,0,0,0,0,0,0,0,0,0,0,1.098,0,0,0,0,0.1892,0,0.1892,0.1892,0,0,0,0,0,0,0,0
0,0,0,0,0,0.41447,0,0,0,0.77343,0,0,0,0,0,0,0,0,0,0,0,0,0,0,0,0,0,0,0,0,0.21164,0,0.41447,0,0,0,0.60253,0,0,0,0,0,0,0,0.21164,0.21164,0,0,0,0,0,0,0,0,0,0,0,0.77343,0,0,0,0,0,0,0,0,0,0,0,0.21164,0,0,0,0
0,0,0,0,0,0,0,0,0,0,0,0,0.45177,0,0,0,0,0,0,0,0,0,0,0,0,0,0,0,0,0,0,0,0,0,0,0.65343,0,0,0,0,0,0,0,0,0.83435,0,0,0,0,0,0,0,0,0,0.23157,0,0,1.1391,0,0.23157,0,0.23157,0,0,0.23157,0,0,0,0,0.23157,0,0,0,0
0,0,0,0,0,0,0,0,0,1.2872,0,0,0,0,0.20767,0,0,0,0,0,0,0,0,0,0,0,0,0,0,0,0.40699,0,0,0,0,0,0.20767,0,0,0,0,0,0,0,1.2872,0.20767,0,0,0,0,0,0,0,0,0,0.20767,0.20767,0.59225,0.20767,0,0,0,0,0,0.40699,0,0,0,0,0,0,0,0.20767,0.20767
0,0,0,0,0,0,0,0,0,0.21115,0,0,0,0,0.21115,0,0,0,0,0,0,0,0,0,0,0,0,0,0,0.21115,0,0.41355,0,0,0,0,0.21115,0,0,0,0,0,0,0,1.0639,0.21115,0,0,0,0,0,0,0,0,0,0.21115,0,1.3017,0,0,0,0,0,0,0,0.21115,0,0.41355,0,0,0,0,0,0
0,0,0,0.21177,0,0,0.41472,0.21177,0,0,0,0,0,0,0.41472,0.21177,0,0,0,0,0,0,0,0,0,0,0,0,0,0,0.21177,0,0.21177,0,0,0,0,0,0,0,0,0,0.21177,0,0.60288,0.21177,0,0,0,0,0.21177,0,0,0,0,0,0,0.77384,0,0,0,0.21177,0,0,0,0,0.21177,0,0,0.21177,0,0,0,0
0,0,0,0,0.46115,0,0,0,0,0,0,0,0,0,0,0,0,0,0,0,0,0,0,0,0,0,0,0,0,0,0,0,0,0,0,0.66613,0,0,0,0,0,0,0.23662,0,0,0,0,0,0.23662,0,0,0,0,0,0,0,0,0.66613,0,0,0,0,0.23662,0.23662,0,0,0,0,0,0,0,0,0,0
0,0,0,0,0,0,0,0,0,0.65938,0,0,0,0,0,0,0,0,0,0,0,0.23393,0,0,0,0,0,0,0,0,0.45616,0,0,0,0,0,0,0,0,0,0,0,0,0,0.84142,0,0,0,0,0,0,0,0,0,0,0,0,1.498,0,0,0,0,0,0,0,0,0,0,0,0,0,0,0,0
0,0,0,0,0.21106,0.41339,0,0,0,0.92533,0,0,0,0,0,0,0,0,0,0,0,0,0,0,0,0,0,0,0,0,0,0,0,0,0,0,0,0,0,0,0,0,0,0,1.0636,0.21106,0,0,0,0,0,0,0,0,0,0,0,0.77163,0,0,0,0,0,0,0,0,0,0,0,0,0,0,0,0
0,0,0,0,0,0,0,0,0,0,0,0,0.22612,0,0,0,0,0.22612,0,0,0,0,0,0,0,0,0,0,0,0,0,0,0,0,0,0,0,0,0,0,0,0,0,0,0.44161,0.22612,0,0,0,0,0,0,0,0,0,0,0,0.81791,0,0.22612,0,0.22612,0,0.44161,0,0,0,0,0,0,0,0,0,0
0,0,0,0,0,0,0,0,0,0.90694,0.40355,0,0,0,0,0,0,0,0,0,0,0,0,0,0,0,0,0,0,0,0,0.20584,0,0,0,0,3.4899,0,0,0,0,0,0,0,0,0.20584,0.20584,0,0,0,0,0,0,0,0,0,0,1.0437,0,0,0,0.40355,0,0,0.20584,0,0.20584,0,0,0,0,0,0.20584,0
0,0,0,0,0,0.22683,0,0,0,0,0,0,0,0.22683,0.44294,0.22683,0,0,0,0,0,0,0,0,0,0,0,0,0,0,0,0,0,0,0,0.22683,0,0,0,0,0,0,0,0,0.22683,0,0.22683,0,0,0,0,0,0,0,0,0,0,0.82007,0,0,0,0,0,0.22683,0,0,0,0,0,0.22683,0,0,0,0
0,0,0,0,0,0.45009,0,0,0,0.45009,0,0,0,0,0,0,0,0,0,0,0,0.23067,0,0,0,0,0,0,0,0,1.4851,0,0,0,0,0,0.23067,0,0,0,0,0,0,0,0.65116,0,0.23067,0,0,0,0,0,0,0,0,0,0,1.1358,0,0,0,0.23067,0,0,0,0,0,0,0,0,0,0,0,0
0.20749,0,0,0.20749,0,0,0,0,0,0.5918,0,0,0,0,0,0,0,0,0,0,0,0,0,0,0,0,0,0,0,0,0.40667,0,0,0,0,0,0,0,0,0,0,0,0,0,0,0,0.20749,0,0,0,0,0,0,0,0,0,0,0.40667,0,0,0,0,0,0.5918,0,0,0,0,0,0,0,0,0,0
0,0,0,0,0,0.84435,0,0,0,0,0,0,0,0,0,0,0,0,0,0,0,0,0,0,0,0,0,0,0,0,0,0.23491,0,0,0,0,0,0,0,0.23491,0,0,0,0,0,0.23491,0,0,0,0,0,0,0,0,0,0,0,1.5981,0,0,0,0,0,0,0.23491,0.45798,0.66185,0,0,0.45798,0,0,0,0
0,0,0,0,0,0,0,0,0,0,0,0,0,0,0,0,0,0,0,0,0,0,0,0,0,0,0,0,0,0,0,0,0,0,0.23146,0,0.23146,0,0,0,0,0,0,0,0,0.45157,0,0,0,0,0,0,0,0,0,0,0,0.23146,0,0,0,0,0,0,0,0,0,0,0,0,0,0,0,0
0,0,0,0,0,0,0,0,0,0.24132,0,0,0,0,0,0,0,0,0,0,0,0,0,0,0,0,0,0,0,0.24132,0,0.24132,0,0,0,0,0,0,0,0,0,0,0,0,1.0277,0,0,0,0,0,0,0,0,0,0,0,0,0.24132,0,0,0,0,0,0,0,0,0,0,0,0,0,0,0,0
0,0,0,0,0,0,0.18892,0,0,0,0,0,0,0,0.37148,0,0,0,0,0,0,0,0,0,0,0,0,0,0,0,0.54304,0,0,0,0,0,0.18892,0,0,0,0,0,0,0,1.4834,0.18892,0,0.18892,0,0,0,0,0,0,0,0.18892,0,1.889,0,0,0,0,0,0.18892,0,0,0,0,0,0,0,0,0,0
0,0,0,0,0.22678,0.44284,0.44284,0,0,0.97939,0,0,0,0,0,0,0,0,0,0,0,0,0,0,0,0,0,0,0,0,0,0,0,0,0,0,0,0,0,0,0,0,0,0,0.64131,0,0,0,0,0,0,0,0,0,0,0,0,1.3648,0,0,0,0.44284,0,0,0,0,0,0,0,0,0,0,0,0.22678
0,0,0,0,0,0,0,0.49465,0,0,0.25477,0,0.25477,0,0,0,0,0,0,0,0,0,0,0,0,0,0,0,0,0,0,0,0,0,0,0,0,0.25477,0,0,0,0,0,0,1.3518,0,0,0,0,0,0,0,0,0,0,0,0,0.71113,0,0,0,0,0,0,0,0,0,0,0,0,0,0,0,0.25477
0,0,0,0,0,0,0,0,0,0.48233,0,0,0,0,0,0,0,0,0,0,0,0,0,0,0,0.24807,0,0,0,0,0,0,0.24807,0,0,0,0,0,0,0,0,0,0,0,1.3281,0.69465,0,0,0,0,0,0,0,0,0,0,0,1.4459,0,0,0,0,0,0.24807,0,0,0,0,0,0,0,0,0,0
0,0,0,0,0,0,0,0,0,0.84045,0,0,0,0,0,0,0,0,0,0,0,0,0,0,0,0,0,0,0,0.23361,0,0,0,0,0,0.23361,0,0,0,0,0,0,0,0,1.1463,0.23361,0,0,0,0,0,0,0,0,0,0,0,1.0023,0,0,0,0,0,0.23361,0,0,0,0,0,0.45555,0,0.23361,0,0
0,0,0,0,0,0,0,0.23983,0.23983,0.46709,0,0,0,0,0,0,0,0,0,0,0,0,0,0,0,0,0,0,0,0.23983,0.46709,0,0,0,0,0,0,0,0,0,0,0,0,0,0.85894,1.0228,0,0,0,0,0,0,0,0,0,0,0,1.521,0,0,0,0,0,0,0.46709,0,0,0.23983,0,0,0,0,0,0
0,0,0,0,0.21641,0.61483,0,0.21641,0.21641,0,0,0,0,0,0.21641,0,0,0,0,0,0,0,0,0,0,0,0,0,0,0,0,0,0,0,0,0,0,0,0,0,0,0,0,0,0.21641,0,0,0,0,0,0,0,0,0,0,0,0,1.3233,0,0,0,0,0,0,0.42344,0,0,0,0,0,0,0,0,0
0,0,0,0,0,0,0,0,0,0,0,0,0,0,0.24011,0,0,0,0,0,0,0,0,0,0,0,0,0,0,0,0.24011,0,0,0,0,0.24011,0,0,0,0,0,0,0,0,0,0,0,0,0,0,0,0,0,0,0,0,0.24011,0.46762,0,0.24011,0,0,0.46762,0,0,0,0,0,0,0.24011,0,0,0,0
0,0,0,0,0,0,0,0,0,0.80549,0.22204,0,0,0,0,0,0,0,0,0,0,0,0,0,0,0,0,0,0,0,0.22204,0,0.22204,0,0,0,2.8633,0,0,0,0,0,0,0,0,0.43398,0.22204,0,0,0,0,0,0,0,0,0,0,0.22204,0.96328,0,0,0,0,0,0.22204,0,0,0,0,0,0,0,0,0
0,0,0,0,0,0.24126,0.46974,0,0,0.24126,0,0,0,0,0,0.24126,0,0,0.24126,0,0,0,0,0,0,0,0,0,0,0,0,0,0,0,0,0,0,0,0,0,0,0,0,0,0.24126,0.46974,0,0,0.24126,0,0,0,0,0,0,0,0,0.24126,0,0,0,0,0,0,0,0,0.46974,0,0,0,0,0,0,0
0,0,0,0,0,0.23237,0,0.23237,0,0.23237,0,0,0,0,0,0,0,0,0,0,0,0,0,0,0,0,0,0,0,0,0.23237,0,0,0,0.23237,0.83675,0,0,0,0,0,0,0.23237,0,0.83675,0,0.45325,0,0,0,0,0,0,0,0,0,0,0.65545,0,0,0,0,0,0,0.23237,0,0,0,0,0.23237,0,0,0.23237,0
0,0,0,0,0,0,0,0,0,1.2634,0,0,0,0,0,0,0,0,0,0,0,0,0,0,0,0,0,0,0,0,0,0,0.268,0,0,0.268,0.268,0,0,0,0,0,0,0,0.268,0,0,0,0,0,0,0,0,0,0,0,0.51885,0.74331,0,0,0,0,0,0.268,0,0,0,0,0,0,0,0,0,0
0,0,0,0,0,0.23824,0,0,0,0.23824,0,0,0.23824,0,0,0,0,0,0,0,0,0,0,0,0,0,0,0,0,0,0,0,0,0,0,0.23824,0,0,0,0,0,0,0.46415,0,0,0,0,0,0,0,0,0,0,0,0,0.23824,0,0.46415,0,0,0,0,0,0,0,0,0,0,0,0,0,0,0,0
0,0,0,0,0,0,0,0,0,0.27153,0,0,0,0,0.27153,0,0,0,0.27153,0,0,0,0,0.27153,0,0,0,0,0,0,0,0,0,0,0,0.27153,0,0,0,0,0,0,0,0,0.75178,0.75178,0,0,0,0,0,0,0,0,0,0,0,0.27153,0,0,0,0.52526,0,0.95001,0.27153,0,0,0,0,0.27153,0,0,0,0
0,0,0,0,0,0.27733,0,0,0,0.53579,0,0,0,0,0,0,0,0,0,0,0,0,0,0.27733,0,0,0,0,0,0,0.53579,0,0,0,0,0.53579,0,0,0,0,0,0,0,0,1.1406,0,0,0,0,0,0,0,0,0,0,0,0,1.8465,0,0,0,0,0,0,0,0,0,0,0,0,0,0,0,0
0,0,0.24698,0,0,0.87996,0,0,0,0,0.24698,0,0.24698,0,0,0,0,0,0,0,0,0,0,0,0,0,0,0,0,0,0,0,0.24698,0,0,0.24698,0,0,0,0,0,0,0,0,1.1931,0,0,0,0,0,0,0,0,0,0,0,0,0.87996,0,0,0.24698,0.48032,0,0,0.87996,0,0,0,0,0.48032,0,0,0,0
0,0,0,0,0,0,0,0,0,0.84779,0,0,0,0,0,0,0,0.46012,0,0,0,0,0,0,0,0,0,0,0,0,0.23607,0,0,0,0,0.46012,0.66475,0,0,0,0,0,0,0,1.2844,0.23607,0,0,0,0,0,0,0,0,0,0,0,0.84779,0,0,0,0,0,0.23607,0,0,0,0,0,0,0,0,0,0
0,0,0,0,0,0,0,0.2383,0,0.67033,0,0,0.2383,0,0,0,0,0.2383,0,0,0,0,0,0,0,0,0,0,0,0,0,0.2383,0,0,0,0.67033,0.2383,0,0,0,0,0,0,0,0.46426,0.2383,0,0,0,0,0,0,0,0,0,0,0,1.0178,0.2383,0,0,0.2383,0,0,0.2383,0,0,0,0,0,0,0,0,0
0,0,0,0,0,0,0,0,0,0.27167,0,0,0,0.27167,0,0,0,0,0,0,0,0,0,0,0,0,0,0,0,0,0,0,0.27167,0,0.27167,0.52553,0,0,0,0,0,0,0,0,0.27167,0,0.27167,0,0,0,0,0,0,0,0,0,0,0.52553,0,0,0,0,0,0,0.52553,0,0,0,0,0,0,0,0,0
0,0,0,0,0,0,0,0,0,0,0,0,0.70211,0,0,0,0,0,0,0,0,0,0,0,0,0,0,0,0,0,0,0,0,0,0,0.4879,0,0,0,0,0,0,0.2511,0,0.2511,0.2511,0,0,0,0,0,0,0,0,0,0.2511,0,0.89192,0,0,0,0,0,0,0.2511,0,0,0,0,0.4879,0,0,0,0
0,0,0,0,0,0,0,0,0,0,0,0,0,0,0.27499,0,0,0,0,0,0,0,0,0,0,0,0,0.27499,0,0,0.27499,0,0,0,0,0.27499,0.27499,0,0,0,0,0,0.27499,0,0,0,0,0,0,0,0,0,0,0.27499,0,0,0,1.1335,0,0,0,0,0,0,0,0,0,0,0,0,0,0,0,0
0,0,0,0,0.27672,0,0,0,0,0,0,0,0,0,0,0,0,0,0,0,0,0,0,0,0,0,0,0,0,0,0.27672,0,0,0,0,0,0,0,0,0,0,0,0,0,0.27672,0,0,0,0,0,0,0,0,0,0,0,0,0,0,0,0,0,0.27672,0,0,0,0,0,0,0.27672,0,0,0,0.27672
0,0,0,0,0.26772,0,0,0.26772,0,0,0,0,0,0,0,0,0,0,0,0,0,0,0,0,0,0,0,0,0,0.26772,0,0,0.26772,0,0,0.26772,0,0,0,0,0,0,0,0,1.2625,0,0,0,0,0,0,0,0,0,0,0,0,0.93935,0,0,0,0,0,0.26772,0,0,0,0,0,0,0,0,0,0
0,0,0,0,0,0,0.26061,0,0,0.26061,0,0,0,0,0,0,0,0,0.26061,0,0,0,0,0,0,0,0,0,0,0.26061,0,0,0,0,0,1.3721,0,0,0,0.50536,0,0,0,0,0.50536,0,0,0,0,0,0,0,0,0,0,0,0,0.72541,0,0,0,0,0,0,0.26061,0,0,0,0,0,0,0,0,0
0,0,0,0,0,0.23574,0,0,0,0.23574,0.23574,0,0,0,0,0,0,0,0,0,0,0,0,0,0,0,0,0,0.23574,0,0,0,0.23574,0,0,0,0,0,0,0,0,0,0,0,0.66392,0,0,0,0,0.23574,0,0,0,0,0,0,0,0.66392,0.23574,0,0,0,0,0,0,0,0,0,0,0,0,0,0,0
0,0,0,0,0,0,0.26183,0,0,0,0,0,0.26183,0,0,0,0,0,0,0,0,0,0,0,0,0,0,0,0,0,0.72836,0,0,0,0,0,0,0,0,0,0,0,0,0,1.2431,0,0,0,0,0,0,0,0,0,0,0,0,0.26183,0,0.50758,0,0.26183,0,0,0.9227,0,0,0,0,0,0,0.26183,0,0
0,0,0,0,0,0,0,0,0,0,0,0,0,0,0.26914,0,0,0,0,0,0,0,0,0,0,0,0,0,0,0,0,0,0,0,0,0,0,0,0,0,0,0,0.26914,0,1.521,0,0,0,0,0,0,0,0,0,0,0,0,1.1157,0,0,0,0,0,0.26914,0,0,0,0,0,0.52093,0,0,0,0
0,0,0,0,0,0,0,0,0,0,0,0,0,0,0,0,0,0,0,0,0,0,0,0,0,0,0,0.26554,0,0,0,0,0,0,0,0,0,0,0,0,0,0,0,0,0.73736,0,0,0,0,0,0,0,0,0,0,0,0,1.389,0,0,0,0,0,0,0,0,0,0,0,0,0,0,0.26554,0
0,0,0,0,0,0,0,0,0.27248,0,0,0,0.27248,0,0,0,0,0,0,0,0,0,0,0,0,0,0,0,0,0,1.1259,0,0,0,0,0,0,0,0,0,0,0,0,0,0.95266,0,0,0,0,0,0,0,0,0,0,0.27248,0,0,0,0.27248,0,0,0,0.27248,0.27248,0,0,0,0,0,0,0.52699,0,0
0,0,0,0,0,0,0,0,0,0.7315,0,0,0.26312,0,0,0,0,0.26312,0,0,0,0,0,0,0,0,0,0,0,0,0,0,0,0,0,0,0,0,0,0,0,0,0.26312,0,0.50995,0,0,0,0,0,0,0,0,0,0,0,0,1.5,0,0,0,0,0,0,0,0,0,0,0,0,0,0,0,0
0,0,0,0,0,0,0,0,0,1.362,0.25769,0,0.25769,0,0,0,0,0,0,0,0,0,0,0,0,0,0,0,0,0,0,0,0,0,0,1.362,0,0,0,0,0,0,0,0,1.6857,0.91091,0,0,0,0,0,0,0,0,0,0,0,0.71828,0,0,0,0,0,0.71828,0,0,0,0,0,0,0,0,0,0
0,0,0,0,0,0,0,0,0,0.85175,0,0,0,0,0,0,0,0.2374,0,0,0,0,0,0,0,0,0,0,0,0.2374,0.2374,0.2374,0,0.2374,0,0,3.1581,0,0,0,0,0,0,0,0,0,0,0,0,0,0,0,0,0,0,0,0,1.4059,0,0,0,0,0,0,0,0.2374,0,0,0,0,0,0,0,0
0,0,0,0,0,0.50907,0,0,0,0.26264,0,0,0.26264,0,0,0,0,0,0,0,0,0,0,0,0,0,0,0,0,0,0.26264,0,0,0.26264,0,0,0.26264,0.26264,0,0,0,0,0,0,0.26264,0,0,0,0,0,0,0,0,0,0,0.26264,0,0.73034,0,0,0,0,0,0.26264,0,0,0,0,0,0,0,0,0,0
0,0,0,0,0,0,0,0,0,0.27794,0,0,0,0,0.76711,0,0,0.53689,0,0,0,0,0,0,0,0,0,0,0,0,0,0,0,0,0,0,2.3787,0,0,0,0,0,0,0,0,0,0,0,0,0,0,0,0,0,0,0,0,0.27794,0,0.27794,0,0,0,0.27794,0,0,0,0.27794,0,0,0,0,0,0
0,0,0,0,0,0,0,0,0,0.54903,0,0,0.28466,0,0.28466,0,0,0.28466,0,0,0,0,0,0,0,0,0,0,0,0,0.98623,0,0,0,0,0,0,0,0,0,0,0,0,0,0.54903,0,0,0,0,0,0,0,0,0,0,0,0,1.4524,0,0,0,0.28466,0,0,0.54903,0,0,0,0,0.28466,0,0,0,0
0,0,0,0,0,0,0,0,0,0.99326,0,0,0,0,0,0,0,0.28724,0.28724,0,0,0,0,0,0,0,0,0,0,0,0,0,0,0,0,0.99326,0,0,0,0,0,0,0.28724,0,0.28724,0,0,0,0,0,0,0,0,0,0,0.28724,0,0.55368,0,0,0,0,0,0.55368,0,0,0,0,0,0,0,0,0,0
0,0,0,0,0,0,0,0,0,0.25756,0,0,0,0,0.25756,0,0,0,0,0,0,0,0,0,0,0,0,0,0,0,0,0,0,0,0,0,0,0,0,0,0,0,0,0,0.25756,0.25756,0,0,0,0,0,0,0,0,0,0,0,1.0797,0,0,0,0,0,0,0.71796,0,0,0,0,0,0,0,0,0
0,0,0,0,0.26943,0,0,0,0,0.74675,0,0,0,0,0.26943,0,0,0,0,0,0,0,0,0,0,0,0,0,0,0.26943,0.26943,0,0,0.26943,0,0,0,0,0,0,0,0,0.26943,0,0,0.94415,0,0,0,0,0,0,0,0,0,0,0.26943,0.52145,0,0,0,0,0,0,0,0,0,0,0,0,0,0,0,0
0,0,0,0,0,0,0,0,0,0,0,0,0,0,0.25881,0,0,0,0,0,0,0,0,0,0,0,0,0,0,0,0.25881,0,0,0,0,0.72102,0,0,0,0,0,0,0,0,1.6899,0,0,0,0,0,0,0,0,0,0,0,0,1.9385,0,0,0,0.50206,0,0,0.25881,0.25881,0,0,0,0,0,0,0,0
0,0,0,0,0,0.26829,0,0,0,0,0,0,0,0.26829,0,0,0,0,0,0,0,0,0,0,0,0,0,0,0,0,0.26829,0,0,0,0,0,0.26829,0,0,0,0,0,0,0,1.1131,0.74399,0,0,0,0,0,0,0,0,0,0,0,1.2643,0,0,0,0,0,0,0.26829,0,0,0,0,0,0,0,0,0
0,0,0,0,0,0.74041,0,0,0,1.2595,0.2668,0,0,0,0.2668,0,0,0,0,0,0,0,0,0,0,0,0,0,0,0,0.2668,0,0,0,0,0,0,0,0,0,0,0,0,0,0.74041,0,0,0,0,0,0,0,0,0,0,0.2668,0,1.1085,0,0,0,0.2668,0,0,0.74041,0,0,0,0,0,0,0,0,0
0,0,0,0,0,0,0,0,0,0,0,0,0,0,0,0,0.27008,0,0,0,0,0,0,0,0,0,0,0,0,0,0,0.27008,0,0,0,0,0,0,0,0,0,0,0,0,0,0,0,0,0,0,0,0,0,0,0,0,0,1.1186,0,0,0.27008,0,0,0,0.27008,0,0,0,0,0,0,0,0,0
0,0,0,0,0.27455,0.27455,0,0,0,0.27455,0,0,0,0,0,0,0,0,0,0,0,0,0,0,0,0,0,0,0,0,0.27455,0,0,0,0,0,0,0,0,0,0,0,0,0,0.27455,0,0,0,0,0,0,0,0,0,0,0,0,0.75902,0,0,0,0,0.27455,0,0,0,0,0,0,0,0,0,0,0
0,0,0,0,0,0,0,0,0,1.2597,0,0,0,0.26687,0,0,0,0,0,0,0,0,0,0,0,0,0,0,0,0,0,0,0,0,0,0,0,0,0,0,0,0,0,0,0.26687,0.26687,0,0,0,0,0.26687,0,0,0,0,0,0,0,0,0,0,0,0,0.26687,0.26687,0,0,0,0,0,0,0,0,0
0,0,0,0,0,0,0,0.24365,0,1.0352,0,0,0.68367,0,0,0,0,0,0,0,0,0,0,0,0,0,0,0,0,0,0,0,0,0,0,0,0,0,0,0,0,0,0,0,0.68367,0.24365,0,0,0,0,0,0,0,0,0,0,0,0.47416,0,0,0,0,0,0,0,0,0,0,0,0.47416,0,0,0,0.24365
0,0,0,0,0.27574,0.53292,0,0,0,0.27574,0,0,0,0,0,0.27574,0,0,0,0,0,0,0,0,0,0,0,0,0,0,0.53292,0,0,0,0,0,0,0,0,0,0,0,0,0,1.1358,0,0.27574,0,0,0,0,0.27574,0,0,0,0,0,1.2883,0,0,0,0,0,0,0,0,0,0,0,0.27574,0,0,0,0
0,0,0,0,0.26415,0.9293,0.26415,0,0,0,0,0,0,0,0.26415,0,0,0.51183,0,0,0,0,0,0,0,0,0.26415,0,0,0,0.51183,0,0,0,0,0,0,0,0,0,0,0,0,0,1.3842,0.26415,0,0,0,0,0,0,0,0,0,0,0.51183,0.51183,0,0.734,0,0,0,0.26415,0.26415,0,0,0,0,0.26415,0,0,0,0
0,0,0,0,0,0,0,0,0,1.1408,0,0,0,0,0,0,0,0,0,0,0,0,0,0,0,0,0,0,0,0,0.27741,0,0,0,0,0.27741,0,0,0,0,0,0,0,0,1.4287,0.53593,0,0,0,0,0.27741,0,0,0,0,0,0,0.76584,0,0,0,0.27741,0,0,0,0,0,0,0,0,0,0,0.27741,0
0,0,0,0,0.25406,0,0,0,0,0.25406,0,0,0,0,0,0,0,0,0,0,0,0,0,0,0,0,0,0,0,0,0.49335,0,0.25406,0,0,0,0.7094,0,0,0,0,0,0.49335,0,0.25406,0,0,0,0,0,0,0,0,0,0,0,0,0.90049,0,0,0,0,0,0,0.25406,0,0,0,0,0.25406,0,0,0,0
0,0,0,0,0,0,0,0,0,0.55486,0,0,0,0,0,0.28789,0,0,0,0,0,0,0,0,0,0,0,0,0,0,0,0.55486,0,0,0.28789,0,0,0,0,0,0,0,0,0,0.99503,0,0,0,0.28789,0,0,0,0,0,0,0.28789,0,0.28789,0,0,0.28789,0,0.28789,0,0,0,0,0,0,0,0,0,0,0
0,0,0,0,0.30367,0,0,0,0,0,0,0,0,0,0.5831,0,0,0,0,0,0,0,0,0,0,0,0,0,0,0.30367,0.5831,0,0,0,0,2.0193,0,0.30367,0,0,0,0,0,0,1.6348,0.30367,0,0,0,0,0,0,0,0,0,0,0,0.5831,0,0.30367,0,0.30367,0,0,0,0,0,0,0,0,0,0,0,0
0,0,0,0,0,0.2673,0,0,0,0.2673,0,0,0,0,0.2673,0,0,0,0,0,0,0,0,0,0,0,0,0,0,0,0,0,0.2673,0,0,0.2673,1.2611,0,0,0,0,0,0.7416,0,1.11,0.7416,0,0,0,0,0,0,0,0,0,0,0,2.2864,0,0,0,0,0,0,0,0,0,0,0,0,0,0,0,0
0,0,0,0,0,0.28134,0,0,0,0.28134,0,0,0,0,0.28134,0,0,0,0,0,0,0,0,0,0,0,0,0,0,0,0,0,0,0,0,0,0,0,0,0,0,0,0,0,0,0,0,0,0,0,0,0,0,0,0,0,0,0.97715,0,0,0.28134,0,0,0,0,0,0,0,0,0,0,0,0,0
0,0,0,0,0,0,0.31644,0,0,1.0705,0,0,0,0,0,0,0,0,0,0,0,0,0,0,0,0,0,0,0,0,0.31644,0,0,0,0,0,0,0,0,0,0,0,0,0,1.6744,0.31644,0,0,0,0,0,0,0,0,0,0,0,1.2536,0,0,0,0.31644,0,0,0,0,0,0,0,0,0,0,0,0
0,0,0,0,0.29963,0,0,0,0,0.29963,0,0,0.29963,0,0,0,0,0,0,0,0,0,0,0,0,0,0,0,0,0,0.29963,0,0,0,0,0,0,0,0,0,0,0,0.29963,0,0.57591,0,0,0,0,0,0.29963,0,0,0,0,0,0,0.29963,0,0,0,0,0,0,0,0,0.29963,0,0,0,0,0,0,0
0,0,0,0,0,0,0,0,0,0,0,0,0.59147,0,0,0.30837,0,0,0,0,0,0,0,0,0,0,0,0,0,0,0,0,0,0,0,0.30837,0,0,0,0,0,0,0,0,0.8382,0,0.30837,0,0,0,0,0,0,0,0,0,0,1.0495,0,0,0,0,0,0,0.30837,0,0,0,0,0,0,0,0,0
0,0,0,0,0,0,0,0,0,0.29919,0,0,0,0,0,0.29919,0,0,0,0,0,0,0,0,0,0,0,0,0,0,0,0,0,0,0,0,0,0,0,0,0,0,0.29919,0,0.57512,0.57512,0,0,0.29919,0,0,0,0,0,0,0,0,1.4985,0,0,0,0.29919,0,0,0,0,0,0,0,0,0,0,0,0.29919
0,0,0,0,0,0,0,0,0,0.28506,0,0,0,0,0,0,0,0,0,0,0,0,0,0,0,0,0,0,0,0,0.28506,0,0,0,0,0,0,0,0,0,0,0,0,0,0,0.98732,0,0,0,0,0,0,0,0,0,0,0,0.98732,0,0,0,0.28506,0.28506,0,0.54975,0,0,0,0,0,0,0,0.54975,0
0,0,0,0,0,0,0,0,0,0.86561,0,0,0,0,0.61281,0,0,0,0,0,0,0,0,0,0,0,0,0,0,0,0,0,0,0,0,0,0,0,0,0,0,0,0.32043,0,0.32043,0,0.32043,0,0,0,0,0,0,0,0,0,0,1.2646,0,0,0,0.32043,0,0.32043,0.32043,0,0,0,0,0,0,0,0,0.32043
0,0,0,0,0,0,0,0,0,0,0,0,0,0,0.33346,0,0,0,0,0,0,0,0.33346,0,0,0,0,0,0,0,0,0.33346,0,0,0,0,0,0,0,0,0,0,0,0,0.33346,0,0,0,0,0,0,0,0,0,0,0,0,0.63567,0,0.33346,0,0,0,0,0,0,0,0,0,0.33346,0,0,0,0
0,0,0,0,0,0,0,0,0,0,0,0,0,0,0,0,0,0,0,0,0,0,0,0,0,0,0,0,0,0,0,0,0.28888,0,0,0.55663,0,0,0,0,0,0,0,0,1.3296,0,0,0,0,0,0,0,0,0,0,0,0,0.28888,0,0,0,0,0,0,0.28888,0,0,0,0,0.28888,0,0,0,0
0,0,0,0,0,0,0,0,0,0,0,0,0,0,0,0,0,0,0,0,0,0,0,0,0,0,0,0,0,0,0.83605,0,0,0,0,0,0.30744,0,0,0,0,0,0,0,0,0.30744,0,0,0,0,0,0,0,0,0,0,0,1.3857,0,0,0,0,0,0,0.30744,0,0,0,0,0,0,0,0,0
0,0,0,0,0,0,0,0,0,1.1701,0,0,0,0,0.28724,0,0,0,0,0,0,0,0,0,0,0,0,0,0,0,0,0,0,0,0,0,0,0,0,0,0,0,0,0,0.55368,0,0,0,0,0,0,0,0,0,0,0,0,1.6912,0,0,0,0,0,0,0.28724,0,0,0,0,0,0,0,0,0
0,0,0,0,0,0,0,0,0,0.57559,0,0,0,0,0,0,0,0,0,0,0,0,0,0,0,0,0,0,0,0,0.29946,0.29946,0,0,0,0,0,0,0,0,0,0,0,0,1.0261,0,0,0,0,0,0,0,0,0,0,0,0,1.6215,0,0,0,0,0.29946,0.29946,1.0261,0,0,0,0,0,0,0,0,0
0,0,0,0,0,0,0,0,0,0,0.30394,0,0,0,0,0,0,0,0,0,0,0,0,0,0,0,0,0,0,0,0,0,0,0,0,0.58359,0,0,0,0,0,0,0,0,0.30394,0,0,0,0,0,0,0,0,0,0,0.30394,0,0.82801,0,0,0,0.30394,0,0,0,0,0,0,0,0,0,0,0,0
0,0,0,0,0,0,0,0,0,0.28118,0.28118,0,0,0,0,0,0,0.54276,0,0,0,0,0,0,0,0,0,0,0,0,0,0,0,0,0,0,0,0,0,0,0,0,0,0,0.54276,0.77482,0,0,0,0,0,0,0,0,0,0,0,0.77482,0,0,0,0,0,0.28118,0.28118,0,0,0,0,0,0,0,0,0
0,0,0,0,0,0,0,0,0,0.53442,0,0,0,0,0,0,0,0,0,0,0,0,0,0,0,0,0,0,0,0,0,0,0,0,0,0,0,0,0,0,0,0,0.27657,0,0.76386,0.27657,0,0,0,0,0,0,0,0,0,0,0,1.1383,0,0.27657,0,0.27657,0,0,0,0,0,0,0,0,0,0,0,0
0,0,0,0,0.32339,0,0,0,0,0.32339,0.32339,0,0,0,0,0,0,0,0,0,0,0,0,0,0,0,0,0,0,0,0,0,0,0,0,0,0,0,0,0,0,0,0,0,0,0,0,0,0,0,0,0,0,0,0,0,0,0,0,0,0,0.32339,0,0,0,0,0,0,0,0,0,0,0,0
0,0,0,0,0,0,0,0,0,0.30559,0,0,0,0,0,0,0,0,0.30559,0,0,0,0,0,0,0,0,0,0,0,0,0,0,0,0,1.0423,0,0,0,0,0,0,0,0,0,0,0,0,0,0,0,0,0,0,0,0.58652,0,0.30559,0,0,0,0,0,0,0,0,0,0,0,0,0,0,0,0
0,0,0,0,0,0,0,0,0,0,0,0,0.54702,0,0,0.28354,0,0,0,0,0,0,0,0,0,0,0,0,0,0,0,0,0,0,0,0.28354,0,0,0,0,0,0,0,0,0.78041,0.98319,0,0,0,0,0,0,0,0,0,0.28354,0,0.28354,0,0,0,0,0,0,0,0,0,0.28354,0,0,0,0,0,0
0,0,0,0.22868,0,0,0,0,0,0.44639,0,0,0,0,0,0,0,0.64613,0,0,0,0,0,0,0,0,0,0,0,0,0.22868,0,0,0,0,0,0.22868,0,0,0,0,0,0,0,0.9858,0,0,0,0,0,0,0,0,0,0,0,0,1.573,0,0,0,0,0,0,0,0,0,0,0,0,0,0,0,0
0,0,0,0,0,1.0051,0,0,0,0,0,0,0,0,0,0,0,0.56156,0,0,0,0,0,0,0,0,0,0,0,0,0,0,0,0,0,0,0,0.29162,0,0,0,0,0,0,0.29162,0,0,0,0,0,0,0,0,0,0,0,0.29162,0.29162,0,0,0,0.29162,0,0.56156,0.29162,0,0.56156,0,0,0,0,0,0,0
0,0,0,0,0,0,0,0,0,1.4499,0,0,0,0,0,0,0,0.32968,0,0,0,0,0,0,0,0,0,0,0.32968,0,0,0,0,0,0.32968,0,0,0,0,0,0,0,0,0,0.88635,0,0,0,0,0,0,0,0,0,0,0,0,0.88635,0,0,0,0.32968,0,0,0,0.32968,0,0,0,0,0,0,0,0
0,0,0,0,0,0,0,0,0,0,0,0,0,0,0,0,0,0,0,0,0,0,0,0,0,0,0,0,0,0,0,0,0,0,0,0.27432,0,0,0,0,0,0,0.53034,0,0.27432,0,0,0,0,0,0,0,0,0,0,0,0,0.75849,0,0,0,0,0,0.27432,0,0.27432,0,0,0,0.27432,0,0,0,0
0,0,0,0,0,0,0,0,0,0,0,0,0,0,0,0,0,0.34557,0,0,0,0,0,0,0,0,0,0,0,0,0.34557,0,0,0,0,0,0,0.34557,0,0,0,0,0,0,0.34557,0,0.34557,0,0,0,0,0,0,0,0,0,0,0.65673,0,0,0,0,0,0.34557,0.34557,0,0,0,0,0,0,0,0,0
0,0,0,0,0,0,0,0,0,0.98908,0,0,0,0,0,0,0,0,0,0,0,0,0,0,0,0,0,0,0,0,0,0,0,0,0,0.2857,0,0,0,0,0,0,0,0,0.2857,0,0.2857,0,0,0,0,0,0,0,0,0,0,0.7855,0,0.2857,0,0,0,0,0.55091,0,0,0,0,0,0,0,0,0
0,0,0,0,0,0,0.3033,0,0,1.3734,0,0,0,0,0,0,0,0,0,0,0,0,0,0,0,0,0,0,0,0,0,0,0,0,0,0,0.3033,0,0,0,0,0,0,0,0.3033,0.3033,0,0,0,0,0,0,0,0,0,0,0,0.58246,0,0,0,0,0,0,0,0,0,0,0,0,0,0,0,0
0,0,0,0,0,0,0,0,0,0.83541,0,0,0,0,0,0,0,0,0,0,0,0,0,0,0,0,0,0,0,0,0,0,0,0,0,1.0464,2.3704,0,0,0,0,0,0,0,0.83541,0,0,0,0,0,0,0,0,0,0,0,0,1.2276,0,0,0,0,0,0,0.30716,0,0,0,0,0,0,0,0,0
0,0,0,0,0.33992,0,0,0,0,0,0,0,0,0,0,0,0,0,0.33992,0,0,0,0,0,0,0,0,0,0,0,0.33992,0,0,0,0,1.3172,0,0,0,0,0,0,0,0,1.1298,0,0,0,0,0,0,0,0,0,0,0,0,0.64692,0,0,0,0.33992,0,0,0,0,0,0,0,0,0,0,0,0
0,0,0,0,0,0,0,0,0,0.31487,0,0,0,0,0,0,0,0,0,0,0,0,0,0,0,0,0,0,0,0,0.31487,0,0,0,0,1.6696,0,0,0,0,0,0,0,0,1.0664,0.60299,0,0,0,0,0,0,0,0,0,0,0,0.31487,0,0.31487,0,0,0,0,0,0,0,0,0,0,0,0,0,0
0,0,0,0,0,0.60403,0,0,0,0.60403,0,0,0.31546,0,0,0,0,0,0,0,0,0,0,0,0,0,0,0,0,0,0,0,0,0,0,0.31546,0,0,0,0,0,0,0,0,1.4093,0,0,0,0,0,0,0,0,0,0,0,0,0.85436,0,0,0,0,0,0,0,0,0,0,0,0,0,0,0,0
0,0,0,0,0,0,0,0,0,0,0,0,0,0,0,0,0,0,0,0,0,0,0,0,0,0,0,0,0,0,0.32756,0,0,0,0,0,0,0,0,0,0,0,0,0,1.5838,0,0,0,0,0,0,0,0,0,0,0,0,1.0989,0,0,0,0,0,0.32756,0.62533,0,0,0,0,0,0,0,0,0
0,0,0,0,0,0,0,0,0,0.6489,0,0,0,0,0.34105,0,0,0,0.34105,0,0,0,0,0,0,0,0,0,0,0.34105,0.6489,0,0,0,0,0,0,0,0,0,0,0,0,0,0.34105,0,0,0,0,0,0,0,0,0,0,0,0,0.34105,0,0,0.34105,0,0,0.34105,0,0,0,0,0,0,0,0,0,0
0,0,0,0,0,0.76512,0,0,0,0.2771,0,0,0,0,0.2771,0,0,0,0,0,0,0,0,0,0,0,0,0,0,0,0,0,0,0,0,0.2771,2.3226,0,0,0,0,0,0,0,0.2771,0.2771,0,0,0,0,0,0,0,0,0,0,0,1.9288,0,0,0,0,0,0,0,0,0,0,0,0,0,0,0,0
0,0,0,0,0,0.29476,0.29476,0,0,1.4846,0,0,0,0,0,0,0,0,0,0,0,0,0,0,0,0,0,0,0,0,0,0.29476,0,0,0,0,0,0,0,0,0,0,0,0,0.56718,0,0,0,0,0,0,0,0,0,0,0,0,1.0135,0,0,0,0,0,0.29476,0.29476,0,0,0,0,0,0,0,0,0
0,0,0,0,0.28659,0,0,0,0,1.4586,0,0,0.28659,0,0,0,0,0,0,0,0,0,0,0,0,0,0,0,0,0,0.28659,0,0,0,0,0.28659,0,0,0,0,0,0,0,0,0.7876,0,0,0,0,0,0,0,0,0,0,0,0,1.1682,0,0,0,0,0,0,0.28659,0,0,0,0,0,0,0,0,0
0,0,0,0,0,0,0,0,0,0,0,0,0,0,0,0,0,0,0,0,0,0,0,0,0,0,0,0,0,0,0,0,0,0,0,0,0,0.64574,0,0,0,0,0,0,1.1281,0.90754,0,0,0,0,0,0,0,0,0,0.33924,0,0.33924,0,0,0,0,0,0,0.33924,0,0.33924,0,0,0,0,0,0,0
0,0,0,0,0,0,0,0.31625,0,0.85614,0,0,0,0,0,0,0,0,0,0,0,0,0,0,0,0,0,0,0,0,0,0,0,0,0,0,0,0,0,0,0,0,0,0,0,0,0,0,0,0,0,0,0,0,0,0.31625,0,0.60542,0,0,0,0,0,0,0,0,0,0,0,0,0,0,0,0
0,0,0,0,0,0,0,0,0,0,0,0,0,0,0.34094,0,0,0,0,0,0,0,0,0,0,0,0,0,0,0,0,0,0,0,0,0.6487,0,0.34094,0,0,0,0,0,0,0.34094,0,0,0,0,0,0,0,0,0,0,0,0,0.91128,0,0,0,0.6487,0,0,0.91128,0,0,0,0,0,0,0,0,0
0,0,0,0,0,0,0.29263,0,0,0,0,0,0,0,0,0,0,0,0,0,0,0,0,0,0,0,0,0,0,0,0,0,0,0.29263,0,0,2.1318,0.29263,0,0,0,0,0,0,0,0,0,0,0,0,0,0,0,0,0,0,0,1.4779,0,0,0,0,0,0.56337,0.29263,0,0,0,0,0,0,0,0,0
0,0,0,0,0,0,0,0,0,0,0,0,0,0,0,0,0,0,0,0,0,0,0,0,0,0,0,0,0,0,0,0,0,0,0,0,0,0,0,0,0,0,0,0,0.6042,0,0,0,0,0,0,0,0,0,0,0,0,0.6042,0,0,0,0,0,0,0,0,0,0,0,0,0,0,0,0
0,0,0,0,0,0,0,0,0,0,0,0,0,0,0,0,0,0,0,0,0,0,0,0,0,0,0,0,0,0,0,0.3265,0,0,0,0,0.87926,0,0,0,0,0,0,0,1.0962,0,0,0,0,0,0,0,0,0,0,0,0,1.7046,0,0,0,0,0,0,0,0,0,0,0,0,0,0,0,0
0,0,0,0,0,0.86996,0,0,0,0.32236,0,0,0,0.32236,0,0,0,0.32236,0,0,0,0,0,0,0,0,0,0,0,0,0,0,0,0,0,0.32236,2.079,0,0,0,0,0,0.32236,0,0.61621,0,0,0,0,0,0,0,0,0,0,0.32236,0,1.0857,0,0,0,0,0,0,0.61621,0,0,0,0,0,0,0,0,0.32236
0,0,0,0,0,0,0,0,0,0.70566,0,0,0,0,0,0,0,0,0,0,0,0,0,0,0,0,0,0,0,0,0,0,0,0,0,0,0,0,0,0,0,0,0,0,0,0,0,0,0,0,0,0,0,0,0,0,0,1.4046,0,0,0,0,0,0.70566,0,0,0,0,0,0,0,0,0,0
0,0,0,0,0,0,0,0,0,0.35311,0,0,0,0,0,0,0,0,0,0,0,0,0,0,0,0,0,0,0,0,0,0,0,0,0,0,0,0,0,0,0,0,0,0,0,0.93783,0,0,0,0,0,0,0,0,0,0,0,1.1621,0,0,0,0,0,0,0.35311,0,0,0,0,0,0,0,0,0
0,0,0,0,0,0,0,0,0,1.1669,0,0,0,0,0,0,0,0,0.35507,0,0,0,0,0,0,0,0,0,0,0,0,0.94208,0,0,0,0,0,0,0,0,0,0,0,0,1.1669,0,0,0,0,0,0,0,0,0,0,0,0,2.0919,0,0,0,0.35507,0,0,0,0,0,0,0,0.35507,0,0,0,0
0,0,0,0,0,0,0,0,0,0.35008,0,0,0,0,0,0,0,0.35008,0,0,0,0,0,0,0,0,0,0,0,0,1.1548,0,0,0,0,0,0,0,0,0,0,0,0,0,0.93125,0,0,0,0,0,0,0,0,0,0,0,0,0.35008,0,0,0,0,0,0,0,0,0,0,0,0,0,0,0,0
0,0,0,0,0,1.426,0,0,0,2.0755,0,0,0,0,0.32124,0,0,0,0,0,0,0,0,0,0,0,0,0,0,0,0,0,0,0,0,0.61424,0.32124,0,0,0,0,0,0,0,0,0.32124,0,0,0,0,0,0,0,0,0,0,0,0,0,0,0,0,0,0,0,0,0,0,0,0,0,0,0,0
0,0,0,0,0.31303,0,0,0.31303,0,0,0,0,0,0,0,0,0,0,0,0,0,0,0,0,0,0,0,0,0,0,0.31303,0,0,0,0,0,0,0,0,0,0,0,0,0,0,0.59973,0,0,0,0,0,0,0,0,0,0,0,0.59973,0,0,0,0,0.31303,0.31303,0,0,0,0.31303,0,0,0,0,0.31303,0
0,0,0,0,0,0,0,0,0,0.33588,0,0,0.33588,0,0,0,0,0,0,0,0,0,0,0,0,0,0,0,0,0,0,0,0,0,0,0.90012,0,0,0,0,0,0,0,0,1.6078,0,0,0,0,0,0,0,0,0,0,0,0,1.4673,0,0,0,0,0,0.33588,0,0,0,0,0,0,0,0,0,0
0,0,0,0,0,0,0,0,0,0,0,0,0,0,0,0,0,0,0,0,0,0,0,0,0,0,0,0,0,0,0,0,0,0,0,0.31556,0,0,0,0,0,0,0,0.31556,0.31556,0,0,0,0,0,0,0,0,0,0,0,0,1.0682,0,0.31556,0,0,0,0,0,0,0,0,0,0,0,0,0,0
0,0,0,0,0,0,0,0,0,0.92296,0,0,0.92296,0,0,0,0.34627,0,0,0,0,0,0,0,0,0,0,0,0,0,0.34627,0,0,0,0,0,0,0,0,0,0,0,0,0,0.34627,0,0.34627,0,0,0,0,0,0,0,0,0,0,0.34627,0,0,0,0,0,0,0.34627,0,0,0,0,0,0,0,0,0
0,0,0,0,0,0,0,0,0,0,0,0,0,0,0.3339,0,0,0,0,0,0,0,0,0,0,0,0,0,0,0,0.3339,0,0,0,0,1.3012,0,0,0,0,0,0,0,0,1.6021,0,0,0,0,0,0,0,0,0,0,0,0,1.3012,0,0,0,0,0,0.63643,0,0,0,0,0,0,0,0,0,0.3339
0,0,0,0,0,0,0,0,0,0.59064,0,0,0,0,0,0,0,0,0,0,0,0,0,0,0,0,0,0,0,0,0,0,0,0,0,0,4.3433,0.3079,0,0,0,0,0,0,0,0.3079,0,0,0,0,0,0,0,0,0,0.3079,0,0,0,0.3079,0,0,0,0,0,0,0,0,0,0,0,0,0,0
0,0,0,0.35731,0,0,0,0,0,0.67701,0,0,0,0,0,0,0,0,0,0,0,0,0,0,0,0,0,0,0,0,1.1723,0,0,0,0,1.1723,0,0,0,0,0,0,0.35731,0,0.94691,0,0.35731,0,0,0,0,0,0,0,0,0,0,0,0,0,0,0,0,0,0,0,0,0,0,0.35731,0,0,0,0
0,0,0,0,0,0,0,0,0,0.85815,0,0,0,0,0,0,0,0,0,0,0,0,0,0,0,0,0,0,0,0,0,0,0,0.31713,0,0,4.0835,0,0,0,0,0,0,0,0.60699,0,0,0,0,0,0,0,0,0,0,0,0,0.60699,0,0,0,0,0,0,0.31713,0,0,0,0,0,0,0,0,0
0,0,0,0,0,0,0,0,0,0,0,0,0,0,0,0,0,0,0,0,0.33434,0,0,0,0,0,0,0,0,0,0.33434,0,0,0,0,0,0,0,0,0,0,0,0,0,1.3023,0.33434,0,0,0,0,0,0,0,0,0,0,0,1.3023,0,0,0,0,0,0,0.33434,0,0,0,0,0,0,0,0,0
0,0,0,0,0,0,0,0,0,0,0,0,0.6543,0,0,0,0,0,0,0,0,0,0,0,0,0,0,0,0,0,0.34417,0,0,0,0,0,0,0,0,0,0,0,0,0,0.91836,0,0,0,0,0,0,0,0,0,0,0.34417,0,0,0,0,0,0,0,0.34417,0,0,0,0,0,0,0,0,0,0
0,0,0,0,0,0,0,0,0,0,0,0,0,0,0,0,0,0,0,0,0,0,0,0,0,0,0,0,0,0,0,0,0,0.35483,0,0,0,0,0,0,0.35483,0,0,0,0.94154,0,0,0,0,0,0,0,0,0,0,0,0,0.67273,0.35483,0,0,0,0,0,0,0,0,0,0,0,0,0.35483,0,0
0,0,0,0,0,0,0,0,0,0.94128,0,0,0,0,0,0,0,0,0,0,0,0,0,0,0,0,0,0,0,0,0.3547,0,0,0,0,0.3547,0,0,0,0,0,0,0,0,0.3547,0,0,0,0,0,0,0,0,0,0,0,0,0.3547,0,0,0,0,0,0,0,0,0,0,0,0,0,0,0,0
0,0,0,0,0.33599,0,0.33599,0,0,0,0,0,0,0,0.64008,0,0,0,0,0,0,0,0,0,0,0,0,0,0,0,0,0,0,0,0,0,0,0,0,0,0,0,0,0,0,0.33599,0,0,0,0,0,0,0,0,0,0,0,1.4676,0,0.33599,0,0,0,0,0,0,0,0,0,0.33599,0,0,0,0
0,0,0,0,0,0,0,0,0,0,0,0,0,0,0,0,0,0,0,0,0,0,0,0,0,0,0,0,0,0,0,0,0,0,0,0,0,0,0,0,0,0,0,0,0.68616,0.36264,0,0,0,0,0,0,0,0,0,0,0,1.376,0,0,0,0,0,0,0,0,0,0,0,0,0,0,0.36264,0
0,0,0,0,0,0,0,0,0,0,0,0,0,0,0,0.34627,0,0,0,0,0,0,0,0,0,0,0,0,0,0,0.92296,0.34627,0,0,0,0,0,0,0,0,0,0,0,0.34627,0.34627,0,0,0,0,0,0,0,0,0.34627,0,0,0,0.34627,0,0,0,0,0,0,0,0,0,0,0,0,0,0,0,0
0,0,0,0,0,0,0,0,0,0,0,0,0,0,0,0,0,0,0,0,0,0,0,0,0,0,0,0,0,0,0,0,0,0,0,0,0,0,0,0,0,0,0,0,0.34083,0,0.34083,0,0,0,0,0,0,0,0,0,0,0.34083,0,0,0,0,0,0,0,0,0,0,0,0.64851,0,0,0,0
0,0,0,0,0,0.73543,0,0,0,1.8841,0,0,0,0,0,0,0,0,0,0,0,0,0,0,0,0,0,0,0,0.39168,0,0,0,0,0,0,0,0,0,0,0,0,0,0,0.73543,0.39168,0,0,0,0,0,0,0,0,0.39168,0,0,1.4476,0,0,0,0,0,0,0,0,0,0,0,0,0,0,0,0
0,0,0,0,0,0,0,0,0,1.0718,0,0,0,0,0,0,0,0,0,0,0,0,0,0,0,0.31694,0,0,0,0,0,0,0.31694,0,0,0,0.60664,0,0,0,0,0,0,0,0,0.85771,0,0,0,0,0,0,0,0,0,0,0,0.60664,0,0,0,0.31694,0,0,0.31694,0,0,0,0,0,0,0,0,0
0,0,0,0,0,0,0.35983,0,0,0,0,0,0,0,0,0,0,0,0,0,0,0,0,0,0,0,0,0,0,0,0,0,0,0,0,0,0,0,0,0,0,0,0,0,0.95232,0.35983,0,0,0,0,0,0,0,0,0,0,0,0.68134,0,0,0,0,0,0,0.35983,0,0,0,0,0,0,0,0,0
0,0,0,0,0,0,0,0,0,1.4426,0,0,0,0,0,0,0,0,0,0,0,0,0,0,0,0,0,0,0,0,0.38959,0,0,0,0,1.248,0,0,0,0,0,0,0.38959,0,1.4426,0.38959,0,0,0,0,0,0,0,0,0,0,0,1.0151,0,0,0,0,0,0.38959,0,0,0,0,0,0.73192,0,0,0.73192,0
0,0,0,0,0,0,0,0,0,0,0,0,0,0,0.3389,0,0,0,0,0,0,0,0,0,0,0,0,0,0,0,0,0,0,0,0,0,0,0,0,0,0,0,0,0,1.3145,0.3389,0,0,0,0,0,0,0,0,0,0,0,1.3145,0,0,0,0,0,0,0,0,0,0,0,0,0,0,0,0
0,0,0,0,0,0,0.36853,0,0,0,0,0,0,0,0,0,0,0,0,0,0.36853,0,0,0.36853,0,0,0,0,0,0,0,0,0.36853,0,0,0,0,0,0.36853,0,0,0,0,0,0,0.9709,0,0,0,0.36853,0,0,0,0,0,0,0,0,0,0,0,0,0,1.3908,0,0,0,0,0,0,0,0,0,0
0,0,0,0,0,0,0,0,0,0,0,0,0,0,0,0,0,0,0,0,0,0,0,0,0,0,0,0,0,0,0.34347,0,0,0,0,0.6531,0,0,0,0,0,0,0,0,0,0,0,0,0,0,0,0,0,0,0,0,0,1.6292,0,0,0,0.6531,0,0.34347,0.34347,0,0,0,0,0.34347,0,0,0,0
0,0,0,0,0,0.35323,0,0,0,0,0,0,0,0,0,0,0,0,0,0,0,0,0,0,0,0,0,0,0,0,0,0,0,0,0,1.5145,0.35323,0,0,0,0,0,0,0,1.8934,0.35323,0,0,0,0,0,0,0,0,0,0,0,0.93809,0,0,0,0,0,0,0,0,0,0,0,0,0,0,0,0
0,0,0,0,0,0,0,0,0,1.5182,0,0,0,0,0,0,0,0,0,0,0,0,0,0,0,0,0,0,0,0,0.35458,0,0,0,0,0,2.8585,0,0,0,0,0,0.35458,0,0,0.35458,0,0,0,0,0,0,0,0,0,0,0,0.94101,0,0,0,0,0,0,0,0,0,0,0,0,0,0,0,0
0,0,0,0,0,0,0,0.36827,0,0.97034,0,0,0,0,0,0,0,0,0,0,0,0,0,0,0,0,0,0,0,0,0.36827,0,0,0,0,0,0.36827,0,0,0,0,0,0,0,1.1984,0,0,0,0,0,0,0,0,0,0,0,0,0.69578,0,0,0,0.36827,0,0.36827,0,0,0,0,0,0,0,0,0,0
0,0,0,0,0,0,0,0,0,0,0,0,0,0,0,0,0,0,0,0,0,0,0,0,0,0,0,0,0,0,0,0,0,0,0,0.35056,0,0,0,0,0,0,0,0,0.66537,0,0,0,0,0,0,0,0,0,0,0,0,0.9323,0,0,0,0.35056,0,0,0.35056,0,0,0,0.35056,0.35056,0,0,0,0
0,0,0,0,0,0,0,0,0,0,0,0,0,0,0,0,0,0,0,0,0,0,0,0,0,0,0,0,0,0,0,0.36226,0.36226,0,0,0,0,0,0,0,0,0,0,0,0,0,0,0,0,0,0,0,0,0,0,0.36226,0,0.95753,0,0.36226,0,0,0,0.36226,0.95753,0,0,0,0,0,0,0,0,0.36226
0,0,0,0,0,0,0,0,0,0,0,0,0,0,0,0,0,0,0,0,0,0,0,0,0,0,0,0,0,0,0.33086,0,0,0,0,0,0,0,0,0,0,0,0,0,0.33086,0.33086,0,0,0,0,0,0,0,0,0,0,0,0.88898,0,0,0,0,0,0.33086,0,0,0,0,0,0,0,0,0,0
0,0,0,0,0,0,0,0,0,0,0,0,0,0,0,0,0,0,0,0,0,0,0,0,0,0,0,0,0,0,0,0,0,0,0,1.3111,0,0,0,0,0,0,0,0,0.779,0,0,0,0,0,0,0,0,0,0,0,0,1.3111,0,0,0,0,0,0,0.41784,0.41784,0,0,0,0,0,0,0,0
0,0,0,0,0,0,0,0,0,0.34592,0.34592,0,0,0,0,0,0,0,0,0,0,0,0,0,0,0,0,0,0,0,0,0,0.34592,0,0,0,0,0,0,0,0,0,0,0,0.34592,0.65734,0,0,0,0,0,0,0,0,0,0,0,1.1446,0,0,0,0.34592,0,0,0,0,0,0,0,0,0,0,0,0
0,0,0,0,0,1.2603,0,0,0,0.395,0,0,0,0,0,0,0,0.395,0,0,0,0,0,0,0,0,0,0,0,0,0,0,0,0,0.395,0,3.0881,0,0,0,0,0,0,0,0,0.741,0,0,0,0,0,0,0,0,0.395,0,0,0.395,0,0,0,0,0,0,0,0,0,0.395,0,1.0262,0,0.395,0,0
0,0,0,0,0,0,0,0,0,0.40071,0,0,0,0,0,0,0,0,0.40071,0,0,0,0,0,0,0,0,0,0,0,0.40071,0,0,0,0,0,0,0,0,0,0,0,0,0,1.0379,0,0,0,0,0,0,0,0,0,0,0,0,0.40071,0,0,0,0,0,0,0,0,0,0,0,0.40071,0,0,0,0
0,0,0,0,0,0,0,0,0,0.362,0,0,0,0,0,0,0,0,0,0,0,0,0,0,0,0,0,0,0,0,0,0,0,0,0,0,3.0333,0,0,0,0,0,0,0,0.362,0.362,0,0,0,0,0,0,0,0,0,0,0,1.1835,0,0,0,0,0,0,0,0,0.362,0,0,0,0,0,0,0
0,0,0,0,0,0,0,0,0,1.0675,0,0,0,0,0,0,0,0,0,0,0,0,0,0,0,0,0,0,0,0,0,0,0,0,0,0,0,0,0,0,0,0,0,0,0,0,0,0,0,0,0,0,0,0,0,0,0,1.0675,0,0,0,0,0,0,0,0,0,0,0,0,0,0,0,0
0,0,0,0,0,0,0,0,0,0,0,0,0,0,0,0,0,0,0.37148,0,0,0,0,0,0,0,0,0,0.37148,0,0,0,0,0,0,0,0,0,0,0,0,0,0,0,0.37148,0.37148,0,0,0,0,0,0,0,0,0,0,0,1.206,0,0,0,0.37148,0,0,0,0,0,0,0,0,0,0,0,0
0,0,0,0,0,0,0,0,0,0,0,0,0,0,0,0,0.38174,0.38174,0,0,0,0,0,0,0,0,0,0,0,0,0,0,0,0,0,0.71868,0.71868,0,0,0,0,0,0,0,0.99873,0,0,0,0,0,0,0,0,0,0,0,0,0.71868,0,0,0,0,0,0,0,0,0,0,0,0.38174,0,0,0,0
0,0,0,0,0,0,0,0,0,0.7682,0,0,0.41132,0,0,0,0,0,0,0,0,0,0,0,0,0,0,0,0,0,0,0,0,0,0,0,0,0,0,0,0,0,0,0,0.41132,0,0,0,0,0,0,0,0,0,0,0,0,0.41132,0,0,0,0,0,0.41132,0,0,0,0,0,0.41132,0,0,0,0
0,0,0,0,0,0,0.37682,0.37682,0,0,0,0,0,0,0.71034,0,0,0.98842,0,0,0,0,0,0,0,0,0,0,0,0,0,0,0,0,0,1.4114,0.37682,0,0,0,0,0,0,0,0.71034,0,0,0,0,0,0,0,0,0,0,0,0,0.98842,0,0,0,0,0,0.37682,0,0,0,0,0,0,0,0,0,0
0,0,0,0.3471,0,0,0,0,0,0,0,0,0,0,0,0,0,0,0,0,0,0,0,0,0,0,0,0,0,0,1.1475,0,0,0,0,0.65938,0,0,0,0,0,0,0,0,0,0,0,0,0,0,0,0,0,0,0,0,0,1.336,0,0.3471,0,0,0,0.65938,0,0,0,0,0,0,0,0,0,0
0,0,0,0.36576,0,0,0,0,0,2.2849,0.36576,0,0.36576,0,0.6915,0,0,0,0,0,0,0,0,0,0,0,0,0,0,0,0,0,0,0,0,0,0,0,0,0,0,0,0,0,0,0.36576,0,0,0,0,0,0,0,0,0,0.36576,0,0,0,0,0,0,0,0,0,0,0,0,0,0,0,0,0,0
0,0,0,0,0,0,0,0,0,0.38665,0,0,0,0,0,0,0,0.72696,0.72696,0,0,0,0,0,0,0,0,0,0,0,0,0,0,0,0,0,0.38665,0,0,0,0,0,0,0,0.38665,0,0,0,0,0,0,0,0,0,0,0,0,0,0,0,0,0,0,0.72696,0,0,0,0,0,0,0,0,0,0
0,0,0,0,0,0,0,0.41033,0,0,0,0,0,0,0,0,0,0,0,0,0,0,0,0,0,0,0,0,0,0,0,0,0,0,0,0,0,0,0,0,0,0,0.76657,0,0.41033,0,0,0,0,0,0,0,0,0,0,0,0,1.0574,0,0,0,0,0,0.41033,0,0,0,0,0,0,0,0,0,0
0,0,0,0,0,0,0,0,0,0,0,0,0,0,0,0,0,0,0,0,0,0,0,0,0,0,0,0,0,0,0,0,0.40087,0,0,0.75082,0,0,0,0,0,0,0,0,0.40087,0,0,0,0,0,0,0,0,0,0,0,0,1.4695,0,0,0,0,0,0.40087,0,0,0,0,0,0,0,0,0.40087,0
0,0,0,0,0.41784,0,0,0,0,0,0,0,0,0,0,0,0,0,0,0,0,0,0,0,0,0,0,0,0,0,0,0,0,0,0,0,0,0,0,0,0,0,0,0,0.779,0,0,0,0,0,0,0,0,0,0,0,0,1.0725,0,0.41784,0,0,0.41784,0.41784,0,0,0,0,0,0,0,0,0,0
0,0,0,0,0,0.40967,0,0,0,0,0,0,0,0,0,0,0,0,0,0,0,0,0,0,0,0,0,0,0,0,0,0,0,0,0,0,0,0,0,0,0,0,0,0,1.0561,0,0,0,0,0,0,0,0,0,0,0,0,0.40967,0,0.40967,0,0,0,0,0,0,0,0,0,0,0,0,0,0
0,0,0,0,0.40435,0,0,0,0,1.4777,0,0,0.40435,0,0.40435,0,0,0,0,0,0,0,0,0,0,0,0,0,0,0,0.40435,0,0,0,0,0,0,0,0,0,0,0,0,0,0.75662,0,0,0,0,0,0,0,0,0,0,0,0,2.3882,0,0,0,0,0,0,0,0,0,0,0,0,0,0,0,0
0,0,0,0,0,0,0,0,0,0,0,0,0,0,0,0,0,0,0.4461,0,0,0,0,0,0,0,0,0,0,0,0,0.4461,0,0,0,0,3.2526,0,0.4461,0,0,0,0,0,0,0,0,0,0,0,0,0,0,0,0,0,0,1.888,0,0,0,0,0,0,1.1281,0,0,0,0,0,0,0,0,0
0,0,0,0,0,0,0,0,0,0,0,0,0,0,0,0,0,0,0,0,0,0,0,0,0,0,0,0,0,0,0.35458,0,0,0,0,0.35458,2.2532,0.35458,0,0,0,0,0,0,0.35458,0,0,0,0,0,0,0,0,0,0,0,0,0.94101,0,0,0,0,0,0,0.35458,0,0,0,0,0,0,0,0,0
0,0,0,0,0,0,0,0,0,0.40292,0,0,0,0,0,0,0,0,0,0,0,0,0,0,0,0,0,0,0,0,0.40292,0,0,0,0,0,0,0.75424,0,0,0,0,0.40292,0,1.7855,0,0,0,0,0,0,0,0,0,0,0,0,0.75424,0,0.40292,0,0,0,0,0,0,0,0,0,0,0,0,0,0
0,0,0,0,0,0,0,0,0,0,0,0,0.77012,0,0,0,0,0,0,0,0,0,0,0,0,0,0,0,0,0,0,0,0,0,0,0.77012,0,0,0,0,0,0,0,0,1.2993,0,0,0,0,0,0,0,0,0,0,0,0,1.664,0,0,0,0,0,0,1.0618,0,0,0,0,0,0,0,0,0
0,0,0,0,0,0.43832,0,0,0,1.3553,0,0,0,0,0.43832,0,0,0,0,0,0,0,0,0,0,0.43832,0,0,0,0,0,0,0,0,0,0.43832,1.8701,0,0,0,0,0,0,0,0,0,0,0,0,0,0,0,0,0,0,0,0,1.113,0,0,0,0,0,0,0.43832,0,0,0,0,0.43832,0,0,0,0
0,0,0,0,0.41598,0,0,0.41598,0,0,0,0,0,0,0,0,0,0,0,0,0,0,0,0,0,0,0,0,0,0,0.41598,0,0,0,0,0,1.6724,0,0,0,0,0,0,0,0,0,0.77593,0,0,0,0,0,0,0,0,0,0,1.9448,0,0,0,0,0,0,0.41598,0,0,0,0,0,0,0,0,0
0,0,0,0,0,0,0,0,0,0,0,0,0,0,0,0,0,0,0,0,0,0,0,0,0,0,0,0,0,0,0,0,0,0,0,0.43907,0,0,0,0,0,0,0,0,0.81378,0,0,0,0,0,0,0,0,0,0,0,0,0,0,0,0,0.43907,0.43907,0,0,0,0,0,0,0.43907,0,0,0,0
0,0,0,0,0,0,0.41972,0,0,0,0,0,0,0,0.41972,0,0,0,0,0,0,0,0,0,0,0,0,0,0,0,0,0.41972,0,0,0,1.0763,0,0,0,0,0,0,0,0,0,0,0,0,0,0,0,0,0,0,0,0,0,0.41972,0,0,0,0,0,0,0,0,0,0,0,0,0,0,0,0
0,0,0,0,0,1.1323,0,0,0,0,0,0,0,0,0,0,0,0,0,0,0,0,0,0,0,0,0,0,0,0,0,0.44823,0,0,0,0,0,0,0,0,0,0,0,0,1.577,0,0,0,0,0,0,0,0,0,0,0,0,1.577,0,0,0,0,0,0,0,0,0,0,0,0,0,0,0,0
0,0,0,0,0,1.4897,0,0,0,0,0.40951,0,0,0,0,0,0,0,0,0,0,0,0,0,0,0,0,0,0,0,1.0558,0,0,0,0,0.40951,0,0,0,0,0,0,0,0,0.40951,0,0.40951,0,0,0,0,0,0,0,0,0.40951,0,1.4897,0,0,0,0,0,0.40951,0,0,0,0,0,0,0,0,0.40951,0
0,0,0,0,0,0,0,0,0,0,0,0,0.42006,0,0,0,0,0,0,0,0,0,0,0,0,0,0,0,0,0,0,0,0,0,0,0,0.78266,0,0,0,0,0,0,0,0.42006,0,0,0,0,0,0,0,0,0,0,0,0,0,0,0,0,0,0,0,0,0,0,0,0,0,0,0,0,0.78266
0,0,0,0,0,0,0,0,0,0,0,0,0,0,0.75477,0,0,0,0,0,0,0,0,0,0,0,0,0,0,0,0,0,0,0,0,0.40323,0.40323,0,0,0,0,0,0,0,1.2788,0,0,0,0,0,0,0,0,0,0,0,0,0,0,0,0,0,0,0,0,0,0,0,0,0,0,0,0.40323,0
0,0,0,0,0,0,0,0,0,1.1364,0,0,0,0,0,0,0,0,0,0,0,0,0,0,0,0,0,0,0,0,0.83212,0,0,0,0,0,0,0,0,0,0,0,0,0,0.45038,0,0,0,0,0,0,0,0,0,0,0,0,0.83212,0,0,0,0.45038,0,1.1364,0,0,0,0,0,0.45038,0,0,0,0
0,0,0,0,0,0,0,0,0,0.45137,0,0,0,0,0.45137,0,0,0,0,0,0,0,0,0,0,0,0,0,0,0,0,0,0,0,0,0.45137,0,1.7536,0,0,0,0,0,0,0.83371,0,0,0,0,0,0,0,0,0,0,0,0,1.5839,0,0,0,0,0,0,0,0,0,0,0,0,0,0,0,0
0,0,0.38577,0,0,0,0,0,0,0.38577,0,0,0,0,0,0,0,0,0,0,0,0,0,0,0,0,0,0,0,0,0,0,0,0,0,0,0,0,0,0,0,0,0,0,0.38577,0,0,0,0,0,0,0,0,0,0,0,0,1.2392,0,0,0,0,0,0,0,0,0.38577,0,0,0,0,0,0,0
0,0,0,0,0.41598,0,0,0,0,0,0,0,0,0,0.77593,0,0,0,0,0,0,0,0,0,0,0,0,0,0,0,1.0688,0,0,0,0,0,0,0,0,0,0,0,0,0,1.6724,0,0,0,0,0,0,0,0,0,0,0,0,0.41598,0,0,0.41598,0,0.41598,0.41598,0,0,0,0,0,0,0,0,0,0
0,0,0,0,0,0,0,0,0,0,0,0,0,0,0,0,0,0,0.41784,0,0,0,0,0,0,0,0,0,0,0,0.41784,0,0,0,0,0,0,0,0,0,0,0,0,0,0.41784,0,0,0,0,0,0.41784,0,0,0,0,0,0,0.41784,0,0,0,0,0,0,0,0,0,0,0,0,0,0,0,0
0,0,0,0,0,0.82896,0,0,0,0,0,0,0,0,1.1326,0,0,0.44843,0.44843,0,0,0,0,0,0,0,0,0,0,0,0,0.44843,0,0,0,0,0,0,0,0,0,0,0,0.44843,0.44843,0,0,0,0,0,0,0,0,0,0,0,0,0,0,0,0,0,0,0,0.82896,0,0,0,0,0.44843,0,0,0,0
0,0,0,0,0,0,0,0,0,0,0.44629,0,0,0,0,0,0,0,0,0,0,0,0,0,0,0,0,0,0,0,0.44629,0,0,0,0,0,0,0,0,0,0,0,0,0,0.44629,0,0,0,0,0,0,0,0,0,0,0,0,0.8255,0,0,0,0,0,0.44629,0,0,0,0,0,0,0,0,0,0
0,0,0,0,0,0.78153,0,0,0,0,0,0,0,0,0,0,0,0,0,0,0,0,0,0,0,0,0,0,0,0,0,0,0,0,0,0,0,0,0,0,0,0,0,0,0,0,0,0,0,0,0,0,0,0,0,0,0,0,0,0,0,0,0,1.5125,0.41938,0,0,0,0,0,0,0,0,0
0,0,0,0,0,0.42075,0,0,0,0,0,0,0.42075,0,0,0,0,0,0,0,0,0,0,0,0,0,0,0,0,0,0,0,0,0,0,0,0,0,0,0,0,0,0,0,0.42075,0,0,0,0,0,0,0,0,0,0,0,0,0,0,0,0,0.42075,0,0,0,0.42075,0,0,0,0,0,0,0,0
0,0,0,0,0,0,0.46374,0,0,0,0,0,0,0,0,0,0,0,0.46374,0,0,0,0,0,0,0,0,0,0,0,0,0,0,0,0,0,2.9077,0,0,0,0,0,0,0,0,0,0,0,0,0,0,0,0,0,0,0,0,0.46374,0,0,0,0,0,0.46374,0,0,0,0,0,0,0,0,0,0
0,0,0,0,0,0,0,0,0,0,0,0,0,0,0,0,0,0,0,0,0,0,0,0,0,0,0,0,0,0,0,0,0,0.39745,0,0,0.39745,0,0,0,0,0,0,0,0.74511,0.74511,0,0,0,0,0,0,0,0,0,0,0,1.2658,0,0,0,0,0,0,0,0,0,0,0,0,0,0,0,0
0,0,0,0,0,0,0,0,0,1.0275,0,0,0,0,0.39561,0,0,0,0,0,0,0,0,0,0,0,0,0,0,0,0,0,0,0,0,0,0,1.0275,0,0,0,0,0,0,1.2617,0.39561,0,0,0,0,0,0,0,0,0,0.39561,0,1.457,0,0,0,0,0,0,0.39561,0,0,0,0,0,0,0,0.39561,0
0,0,0,0,0,0,0,0,0,1.5192,0,0,0,0,0,0,0,0,0,0,0,0,0,0,0,0,0,0,0,0,0.42231,0,0,0,0,0,0,0,0,0,0,0,0,0,1.0814,0.42231,0,0,0,0,0,0,0,0,0,0,0,0.42231,0,0,0,0,0,0.42231,0,0,0,0,0,0,0,0,0,0
0,0,0,0.459,0,0,0,0,0,0.459,0,0,0,0,0,0,0,0,0.459,0,0,0,0,0,0,0,0,0,0,0,0,0,0,0,0,0,0,0,0,0,0,0,0,0,0.459,0,0,0,0,0,0,0,0,0,0,0,0,1.6003,0,0.459,0,0,0.459,0.84599,0,0,0,0,0,0,0,0,0,0
0,0,0,0,0,0,0,0,0.47788,0,0,0,0,0,0,0,0,0,0,0,0,0,0,0,0,0,0,0,0,0,0,0,0,0,0,0.47788,0,0,0,0,0,0,0,0,1.9585,0,0,0,0,0,0,0,0,0,0,0,0,0.47788,0,0.8761,0,0.8761,0,0,0,0,0,0,0,0,0,0,0,0
0,0,0,0,0,0,0,0,0,0,0,0,0,0,0,0,0,0.45455,0,0,0,0,0,0,0,0,0,0,0,0,1.7607,0,0,0,0,0,0,0,0,0,0,0,0,0,1.9071,0,0,0,0,0,0,0,0,0,0,0,0,0.83884,0,0,0,0,0,0,0,0,0,0,0,0,0,0,0,0
0,0,0,0,0,0,0,0,0,0,0,0,0,0,0,0,0,0,0,0,0,0,0,0,0,0,0,0,0,0,0,0,0,0,0,0.46625,0,0,0,0,0,0,0,0,0.46625,0,0,0,0,0,0,0,0,0,0,0,0,1.6158,0,0,0,0,0,0,0.46625,0,0,0,0,0,0,0,0,0
0,0,0,0,0,0,0,0,0,0,0,0,0,0,0,0,0,0,0,0,0,0,0,0,0,0,0,0,0,0,0,0,0,0,0,1.0818,0,0,0,0,0,0,0,0,1.5196,0,0,0,0,0,0,0,0,0,0,0,0,0,0,0,0,0,0,1.0818,0,0,0,0,0,0,0,0,0,0
0,0,0,0,0,0,0,0,0,2.1254,0,0,0,0,0,0,0,0,0,0,0,0,0,0,0,0,0,0,0,0,0,0,0,0,0,0.82177,0,0,0,0,0,0,0,0,1.7371,0,0,0,0,0,0,0,0,0,0,0,0,0.82177,0,0,0,0,0,0,0,0,0,0,0,0,0,0,0,0
0,0,0,0,0,0,0,0,0,0,0,0,0,0,0,0,0,0,0,0,0,0,0,0,0,0,0,0,0,0,0,0,0,0,0,0.89391,0,0,0,0,0,0,0,0,0.48916,0,0,0,0,0,0,0,0,0,0,0,0,0.48916,0,0,0,0,0,0,0,0,0,0,0,0.48916,0,0,0,0
0,0,0,0,0,0,0,0,0,0,0,0,0,0,0,0,0,0,0,0,0,0,0,0,0,0,0,0,0,0,0.43389,0,0,0,0,0,0,0,0,0,0,0,0,0,0,0,0,0,0,0,0,0,0,0,0,0,0,0.43389,0,0,0,0,0,0,0.80534,0,0,0,0,0,0,0,0,0
0,0,0,0,0,0,0,0,0,1.3831,0,0,0,0,0,0,0,0,0,0,0,0,0,0,0,0,0,0,0,0,0,0.83403,0,0,0,0.45157,0,0,0,0,0,0,0,0,0,0,0,0,0,0,0.45157,0,0,0,0,0,0,0.83403,0,0,0,0,0,0,0,0,0,0,0,0,0,0,0,0
0,0,0,0,0.43554,0,0,0,0,0,0,0,0,0,0,0,0,0,0,0,0,0,0,0,0,0,0,0,0,0,0,0.43554,0,0,0,0,0,0,0,0,0,0,0,0,0,0.43554,0,0,0,0,0,0,0,0,0,0.43554,0,0.80803,0,0,0,0.43554,0,0,0,0,0,0,0,0,0,0,0,0
0,0,0,0,0.4781,0,0,0,0,0.87645,0,0,0,0,0,0,0,0,0,0,0,0,0,0,0,0,0,0,0,0,0,0,0,0,0,0,0.4781,0,0,0,0,0,0.4781,0,0.4781,0,0,0,0,0,0,0,0,0,0,0,0,1.189,0,0,0,0,0,0,0,0,0,0,0,0,0,0,0,0
0,0,0,0,0,0,0,0,0,0,0,0,0,0,0,0,0,0,0,0,0,0,0,0,0,0,0,0,0,0,0.44094,0,0,0,0,1.3608,0,0,0,0,0,0,0,0,1.1181,0.81683,0,0,0,0,0,0,0,0,0,0.44094,0,0.44094,0,0,0,0,0,0,0,0,0,0,0,0,0,0,0.44094,0
0,0,0,0,0,0,0,0,0,0,0,0,0,0,0,0,0,0,0,0,0,0,0,0,0,0,0,0,0,0,0,0,0,0,0,0,3.3255,0,0,0,0,0,0.78493,0,0,0,0,0,0,0,0,0,0,0,0,0,0,0.42144,0,0,0,0,0,0,0,0,0,0,0,0,0,0,0,0
0,0,0,0,0,0,0,0,0,0,0,0,0,0,0.46291,0,0,0,0,0,0,0,0,0,0,0,0,0,0,0,0,0,0.46291,0,0,0,0,0,0,0,0,0,0,0,0.46291,0,0,0,0,0,0,0,0,0,0,0,0,0.46291,0,0,0,0.46291,0,0,0,0,0,0,0,0,0,0,0,0
0,0,0,0,0,0,0,0,0,0,0,0,0,0,0,0,0,0,0,0,0,0,0,0,0,0,0,0,0,0,0.46023,0,0,0,0,0,0,0,0,0,0,0,0,0,1.1553,0,0,0,0,0,0,0,0,0,0,0,0,0.84796,0,0,0,0,0,0,0,0,0,0,0,0,0,0,0,0
0,0,0,0,0,0,0,0.84599,0,1.1529,0,0,0.84599,0,0,0,0,0,0,0,0,0,0,0,0,0,0,0,0,0,0,0,0,0.459,0,0.84599,0,0,0,0,0,0,0,0,0,0,0,0,0,0,0,0,0,0,0,0,0,0.84599,0,0,0,0,0,0,0,0,0,0,0,0,0,0,0,0
0,0,0,0,0,0,0,0,0,0.93008,0,0,0,0,0,0,0,0,0,0,0,0,0,0,0,0,0,0,0,0,0,0,0.51234,0,0,0,0,0,0,0,0,0,0,0,0,0,0,0,0,0,0,0,0,0,0,0,0,0.93008,0,0,0,0,0,0,0,0,0,0,0,0.93008,0,0,0,0
0,0,0,0,0,0,0.54163,0.54163,0,0,0,0,0,0,0,0,0,0,0,0,0,0,0,0,0,0,0,0,0,0.54163,0,0,0,0,0,0,0,0,0,0,0,0,0,0,0.97501,0,0,0,0,0,0,0,0,0,0,0,0,0,0,0,0,0,0,0,0,0,0,0,0,0,0,0,0,0
0,0,0,0,0,0,0,0,0,0,0,0,0,0,0,0,0,0,0,0,0,0,0,0,0,0,0,0,0,0,0,0,0,0,0,0,0.48211,0,0,0,0,0,0,0,0.88279,0.48211,0,0,0,0,0,0,0,0,0,0,0,0.88279,0,0,0,0,0,0,0.48211,0,0,0,0,0,0,0,0.88279,0
0,0,0,0,0,0,0,0,0,0,0,0,0,0,0,0,0,0,0,0,0,0,0,0,0,0,0,0,0,0,0,0,0,0,0,0.9632,0,0,0,0,0,0,0,0,0,0,0,0,0,0,0,0,0,0,0,0,0,0.53387,0,0,0,0.53387,0,0,0,0,0,0,0,0,0,0,0,0
0,0,0,0,0,0,0,0,0,0,0,0,0,0,0.49785,0,0.49785,0,0,0,0,0,0,0,0,0,0,0,0,0,0,0.49785,0,0,0,0.49785,0,0,0,0,0,0,0,0,0.49785,0,0,0,0,0,0,0,0,0,0,0.49785,0,0.90754,0,0,0,0,0,0,0,0,0,0,0,0,0,0,0,0
0,0,0,0,0,0,0,0,0,0,0,0,0,0,0,0,0,0,0,0,0,0,0,0,0,0,0,0,0,0,0,0,0,0,0,0,1.2748,0,0,0,0,0,0,0,0.52526,0,0,0,0,0,0,0,0,0,0,0.52526,0,0,0,0,0,0,0,0,1.5293,0,0,0,0,0.52526,0,0,0,0
0,0,0,0,0,0,0,0.55135,0,0,0,0,0,0,0.55135,0,0,0,0,0,0,0,0,0,0,0,0,0,0,0,0.55135,0,0,0,0,0,0,0,0,0,0,0,0,0,1.3205,0,0,0,0,0,0,0,0,0,0,0,0,0.55135,0,0,0,0,0,0,0,0,0,0,0,0,0,0,0.98973,0
0,0,0,0,0,0,0,0,0,0.51234,0,0,0,0,0,0,0,0,0,0,0,0,0,0,0,0,0,0,0,0.51234,0.51234,0,0,0,0,0,2.904,0,0.51234,0,0,0,0,0,0,0,0,0,0,0,0,0,0,0,0,0,0,0,0,0,0,0,0,0,0,0,0,0,0,0,0,0,0,0
0,0,0,0,0,1.0715,0,0,0,0,0,0,0,0,1.4133,0,0,0,0,0,0,0,0,0,0,0,0,0,0,0,0,0,0,0,0,0,0,0,0,0,0,0,0,0,0,0,0,0,0,0,0,0,0,0,0,0,0,1.0715,0,0.60646,0,0.60646,0,0,0,0,0,0,0,0,0,0,0,0
0,0,0,0,0,0,0,0,0,0,0,0,0.48618,0,0,0,0,0,0,0,0,0,0,0,0,0,0,0,0,0,0,0,0,0,0,1.4535,0.48618,0,0,0,0,0,0,0,0,0,0,0,0,0,0,0,0,0,0,0,0,1.204,0,0,0,0,0,0,0,0,0,0,0,0,0,0,0,0
0,0,0,0,0,0,0,0,0,0,0,0,0,0,0,0,0,0,0,0,0,0,0,0,0,0,0,0,0,0,0.57496,0,0,0,0,0,0,0,0,0,0,0,0,0,2.1537,0.57496,0,0,0,0,0,0,0,0,0,0,0,0.57496,0,0.57496,0,0,0,0,0,0,0,0,0,0,0,0,0,0
0,0,0,0,0,0,0,0,0,0,0,0,0.61103,0,0.61103,0,0,0,0,0,0,0,0,0,0,0,0,0,0,0,0,0,0,0,0,0,0,0,0,0,0,0,1.0782,0,0,0,0,0,0,0,0,0,0,0,0,0,0,0,0,0,0,0,0,0,0,0,0,0,0,0,0,0,0,0
0,0,0,0,0,0,0,0,0,0,0,0,0,0,0,0,0.58882,0,0,0,0,0,0,0,0,0,0,0,0,0,0,0,0,0,0,0,0,0,0,0,0,0,0,0,0,0.58882,0,0,0,0,0,0,0,0,0,0,0,1.8549,0,0,0,0.58882,0,0,0,0,0,0,0,0,0,0,0,0
0,0,0,0,0,0,0,0,0,0.97673,0,0,0,0.54276,0,0,0,0,0,0,0,0,0,0,0,0,0,0,0,0,0,0,0,0,0,0,0,0,0,0,0,0,0,0,0.54276,0,0,0,0,0,0,0,0,0,0,0,0,1.3056,0,0,0,0,0,0.54276,0,0.54276,0,0,0,0,0,0,0,0
0,0,0,0,0,0,0,0,0,0,0,0,0,0,0.51743,0,0,0,0,0,0,0,0,0,0,0,0,0,0,0,0,0,0,0,0,0,0,0,0,0,0,0,0,0,0,0,0,0,0,0,0,0,0,0,0,0,0,1.8932,0,0,0,0,0,0,0.51743,0,0,0,0,1.7205,0,0,0,0
0,0,0,0,0,0,0,0,0,0,0,0,0,0,0,0,0,0.44745,0,0,0,0,0,0,0,0,0,0,0,0,0,0,0,0,0,1.1308,0,0,0,0,0,0,0,0,0.44745,0,0,0,0,0,0,0,0,0,0,0,0,0.44745,0,0,0,0,0,0.44745,0,0,0,0,0,0.44745,0,0,0,0
0,0,0,0,0,0.57401,0,0,0,0,0,0,0,0,0,0,0,0,0,0,0,0,0,0,0,0,0,0,0,0,0,0,0,0,0,0,0,0,0,0,0,0,0,0,1.0237,0,0,0,0,0,0,0,0,0,0,0,0,1.0237,0,0,0,0,0,0.57401,0.57401,0,0,0,0,0,0,0,0,0
0,0,0,0,0,0,0,0.53717,0,0.53717,0,0,0,0,0.53717,0,0,0,0,0,0,0,0,0,0,0,0,0,0,0,0.53717,0,0,0,0,0,0,0,0,0,0,0,0,0,0,0,0,0,0,0,0,0,0,0,0,0,0,1.7589,0,0,0,0,0,0,0.96823,0,0,0,0,0,0,0,0,0
0,0,0,0,0,0,0,0,0,1.5557,0,0,0,0,0,0,0,0,0,0,0,0,0,0,0,0,0.53939,0,0,0,0,0,0,0,0,0,0,0,0,0,0,0,0,0,0,0,0,0,0,0,0,0,0,0,0,0,0,0,0,0,0,0,0.97161,0,0,0,0,0,0,0,0,0,0.97161,0
0,0,0,0,0,1.0103,0,0,0,0,0,0,0,0,0,0,0,0,0,0,0,0,0,0,0,0,0,0,0,0,0,0,0,0,0,0.56504,0,0,0,0,0,0,0,0,1.0103,0,0.56504,0,0,0,0,0,0,0,0,0,0.56504,0,0,0,0,0,0,0,0,0,0,0,0,0,0,0,0,0
0,0,0,0,0,0.58197,0,0,0,0.58197,0,0,0,0,0,0,0,0,0,0,0,0,0,0,0,0.58197,0,0,0,0,1.0355,0,0,0,0,0,1.0355,0,0,0,0,0,0,0,0,0.58197,0,0,0,0,0,0,0,0,0,0,0,0.58197,0,0,0,0,0,0,0,0,0,0,0,0,0,0,0,0
0,0,0,0,0,1.5568,0,0,0,0,0,0,0.97246,0,0,0,0,0,0,0,0,0,0,0,0,0,0,0,0,0,0,0,0,0,0,0.97246,0,0,0,0,0,0,0,0,1.7642,0,0,0,0,0,0,0,0,0,0,0,0,1.9377,0,0,0,0,0,0,0.53995,0,0,0,0,0,0,0,0,0
0,0,0,0,0,0,0,0,0,1.0491,0,0,0,0,0,0,0,0,0,0,0,0,0,0,0,0,0,0,0,0,0,0,0,0,0,0.59114,0,0,0,0,0,0,0,0,0.59114,1.0491,0,0,0,0,0,0,0,0,0,0,0.59114,2.034,0,0,0,0,0,0,0,0,0,0,0,0,0,0,0,0
0,0,0,0,0,0,0,0,0,2.111,0,0,0.63452,0,0,0,0,0,0,0,0,0,0,0,0,0,0,0,0,0,0,0,0,0,0,1.7232,0,0,0,0,0,0,0,0,0.63452,0,0,0,0,0,0,0,0,0,0,0,0,0,0,0,0,0,0,0,0.63452,0,0,0,0,0,0,0,0,0
0,0,0,0,0,0,0,0,0,0,0,0,0,0,0,0,0,0,0,0,0,0,0,0,0,0,0,0,0,0,1.4167,0,0,0,0,0,0,0.60856,0,0,0,0,0,0,2.462,1.4167,0,0,0,0,0,0,0,0,0,0,0,2.566,0,0,0,0,0,0,0,0,0,0,0,0,0,0,0,0
0,0,0,0,0.63989,0,0,0,0,0,0,0,0,0,0,0,0,0,0,0,0,0,0,0,0,0,0,0,0,0,0,0,0,0,0,0,0,0,0,0,0,0,0,0,1.4673,0,0,0,0,0,0,0,0,0,0,0,0,1.4673,0,0,0,0,0,0.63989,0,0,0,0,0,0,0,0,0,0
0,0,0,0,0,0,0,0,0,0,0.71129,0,0,0,0,0,0,0,0,0,0,0,0,0,0,0,0,0,0,0,0,0,0.71129,0,0,0,0,0,0,0,0,0,0,0,0,0,0,0,0,0,0,0,0,0,0,0,0,0,0,0,0,0.71129,0,0,0,0,0,0,0,0,0,0,0.71129,0
0,0,0,0,0,0,0,0,0,1.0144,0,0,0,0,0.5678,0,0,0,0,0,0,0,0,0,0,0,0,0,0,0,0,0,0,0,0,0,0,0,0,0,0,0,0.5678,0,0,0.5678,0,0,0,0,0,0,0,0,0,0,0,0,0,0,0,0,0,0,0,0,0,0,0,0,0,0,0,0
0,0,0,0,0,0,0,0,0,0.59786,0,0,0.59786,0,0.59786,0,0,0,0,0,0,0,0,0,0,0,0,0,0,0,0,0,0,0,0,0,4.2081,0,0,0,0,0,0,0,0.59786,0.59786,0,0,0,0,0,0,0,0,0,0,0,0,0,0,0,1.0589,0,0,0,0,0,0,0,0,0,0,0,0
0,0,0,0,0.68309,0,0,0,0,0.68309,0,0,0,0,0,0,0.68309,0,0,0,0,0,0,0,0,0,0,0,0,0,0,0,0,0,0.68309,0,2.5915,0,0,0,0,0,0,0,0.68309,0,0,0,0,0,0,0,0,0,0,0,0,1.1808,0,0,0,0,0,0,0,0,0,0,0,0,0,0,0,0
0,0,0,0,1.1906,0,0,0,0,0,0,0,0,0,0,0,0,0,0,0,0,0,0,0,0,0,0,0,0,0,0,0,0,0,0,0,0,0,0,0,0,0,0,0,0,0,0,0,0,0,0,0,0,0,0,0,0,0,0,0,0,0,0,0,0,0,0,0,0,0,0,0,0,0
0,0,0,0,0,0,0,0,0,0,0,0,0.6541,0,0,0,0,0,0,0,0,0,0,0,0,0,0,0,0,0,0,0,0,0,0,0,0.6541,0,0,0,0,0,0,0,0,0.6541,0,0,0,0,0,0,0,0,0,0.6541,0,1.14,0,0,0,0,0,0.6541,0,0,0,0,0,0,0,0,0,0
0,0,0,0,0,0,0,0,0,0,0,0,0,0,0.67615,0,0,0,0.67615,0,0,0,0,0,0,0,0.67615,0,0,0,0,0,0,0,0,0,0,0,0,0,0,0,0,0,0.67615,0,0,0,0,0,0,0,0,0,0,0,0,1.5241,0,0,0,0,0,0,0,0,0,0,0,0,0,0,0,0.67615
0,0,0,0,0,0,0,0,0,0,0,0,0,0,0,0,0,0,0,0,0,0,0,0,0,0,0,0,0,0,0,0,0,0,0,0,2.8147,0,0,0,0,0,0,0,0,0,0,0,0,0,0,0,0,0,0,0,0,0,0,0,0,0,0,0.69783,0,0,0,0,0,0,0,0,0,0
0,0,0,0,0,1.8692,0,0,0,0,0,0,0,0,0.72573,0,0,0,0,0,0,0,0,0,0,0,0,0,0,0,0.72573,0,0,0,0,0,3.2935,0,0,0,0,0,0,0,0,0.72573,0,0,0,0,0,0,0,0,0,0,0,2.0839,0,0,0,0,0,0,0,0,0,0,0,0,0,0,0,0
0,0,0,0,0,0,0,0,0,0,0,0,0,0,1.2662,0,0,0,0,0,0,0,0,0,0,0,0,0,0,0,0,0,0,0,0,0,0,0,0,0,0,0,0,0,0.74537,0,0,0,0,0,0,0,0,0,0,0,0,0,0,0,0,0,0,0,0,0,0,0,0,0,0,0,0,0
0,0,0,0,0,0,0,0,0,0.73871,0,0,0.73871,0,0,0,0,0,0,0,0,0,0,0,0,0,0,0,0,0,0,0,0,0,0,0,0,0,0,0,0,0,0,0,0,0,0,0,0,0,0,0,0,0,0,0,0,2.1041,0,0,0,0,0,0,0,0,0,0,0,0,0,0,0,0
0,0,0,0,0,0,0,0,0,0,0,0,0,0,0.72086,0,0,0,0,0,0,0,0,0,0,0,0,0,0,0,1.8617,0,0,0,0,0,0.72086,0,0,0,0,0,0,0,1.2329,0.72086,0,0,0,0,0,0,0,0,0,0,0,0.72086,0,0,0,0.72086,0,0,0,0,0,0,0,0,0,0,0,0
0,0,0,0,0,0,0,0,0,0,0,0,0,0,1.3019,0,0,0,0,0,0,0,0,0,0,0,0,0,0,0,0,0,0,0,0,0,0,0,0,0,0,0,0,0,1.3019,0,0,0,0,0,0,0,0,0,0,0,0,0.77205,0,0,0,0,0,0,0,0,0,0,0,0,0,0,0,0.77205
0,0,0,0,0,0.84078,0,0,0,0,0,0,0,0,0,0,0,0,0,0,0,0,0,0,0,0,0,0,0,0,0,0,0,0,0,0,0,0,0,0,0,0,0,0,0,0,0,0,0,0,0,0,0,0,0,0,0.84078,1.3918,0,0,0,0,0,0,0,0,0,0,0,0,0,0,0,0
0,0,0,0,0,0,0,0,0,0,0,0,0,0,0,0,0,0,0,0,0,0,0,0,0,0,0,0,0,0.83691,0,0,0,0,0,0.83691,0,0,0,0,0,0,0,0,1.758,0,0,0,0,0,0,0,0,0,0,0,0,1.758,0,0,0,0,0,0,0,0,0,0,0,0,0,0,0.83691,0
0,0,0,0,0,0,0,0,0,0.81378,0,0,0,0,0,0,0,0,0,0,0,0,0,0,0,0,0,0,0,0,0,0,0,0,0,0,0,0,0,0,0,0,0,0,0,0,0,0,0,0,0,0,0,0,0,0,0,0.81378,0,0,0,0.81378,0,0.81378,0,0,0,0,0,0,0,0,0,0
0,0,0,0,0,0,0,0,0,0,0,0,0,0,0,0,0,0,0.8,0,0,0,0,0,0,0,0,0,0,0,0,0,0,0,0,0,0,0,0,0,0,0,0,0,0,0,0,0,0,0,0,0,0,0,0,0,0,0.8,0,0,0,0,0,0,1.3388,0,0,0,0,0,0,0,0,0
0,0,0,0,0,0,0,0,0,0,0,0,0.82676,0,0,0,0,0,0,0,0,0,0,0,0,0,0,0,0,0,0,0,0,0,0,0,0,0,0,0,0,0,0,0,0,0,0,0,0,0,0,0,0,0,0,0,0,0,0,0,0,0,0,0,0,0,0,0,0,0,0,0,0,0
0,0,0,0,0,1.407,0,0,0,0,0,0,0,0,0,0,0,0,0,0,0,0,0,0,0,0,0,0,0,0,0,0,0,0,0,0,0,0,0,0,0,0,0,0,0,0,1.7795,0,0,0,0,0,0,0,0,0,0,0,0,0,0,0,0,0,0,0,0,0,0,0,0,0,0,0
0,0,0,0,0,0,0,0,0,0,0,0,0,0,0,0,0,0,0,0,0,0,0,0,0,0,0,0,0,0,0,0,0,0,0,0,0,0,0,0,0,0,0,0,0,0,0,0,0,0,0,0,0,0,0,0,0,1.5573,0,0,0,0,0,0,0,0,0,0,0,0,0,0,0,0
0,0,0,0,0,0,0,0,0,0.78779,0,0,0,0,0,0.78779,0,0,0,0,0,0,0,0,0,0,0,0,0,0,1.3228,0,0,0,0,0,0,0,0,0,0,0,0,0,0,0.78779,0,0,0,0,0,0,0,0,0,0,0,0.78779,0,0,0,0,0,0,0,0,0,0,0,0,0,0,0,0
0,0,0,0,0,0,0,0,0,1.407,0,0,0,0,0,0,0,0,0,0,0,0,0,0,0,0,0,0,0,0,0,0,0,0,0,0,0,0,0,0,0,0,0,0,0,0,0,0,0,0,0,0,0,0,0,0,0,2.0548,0,0,0,0,0,0,0,0,0,0,0,0,0,0,0,0
0,0,0,0,0,0,0,0,0,0,0,0,0,0,0,0,0,0,0,0,0,0,0,0,0,0,0,0,0,0,0,0,0,0,0,0,0,0,0,0,0,0,0,0,0.86266,0,0,0,0,0,0,0,0,0,0,0,0,2.0689,0,0,0,0,0,0,0.86266,0,0,0,0,0,0,0,0,0
0,0,0,0,0,0,0,0,0,0.7924,0,0,0,0,0.7924,0,0,0,0,0,0,0,0,0,0,0,0,0,0,0,0,0,0,0,0,0,0,0,0,0,0,0,0,0,1.6958,0,0,0,0,0,0,0,0,0,0,0,0,2.1852,0,0,0,0,0,0,0,0,0,0,0,0,0,0,0,0
